fund,fund_code,fund_name,snapshot_date,instrument,currency,weight,source_url,raw_file,raw_sha256,captured_at_utc
easyai,EASYAI,EasyETFs AI World Actively Managed ETF,2026-05-08,LUMENTUM HOL,USD,8.62,https://easyetf-constituents.s3.us-west-2.amazonaws.com/EASYAI_PCF_ZAR_20260508.csv,data/raw/easyai/EASYAI_PCF_ZAR_20260508.csv,4f66610c4fb825b536a8466071f81b8bbd52c1dae70a308744f6703471f508d5,2026-05-09T15:31:53Z
easyai,EASYAI,EasyETFs AI World Actively Managed ETF,2026-05-08,COMFORT SYSTEMS,USD,7.81,https://easyetf-constituents.s3.us-west-2.amazonaws.com/EASYAI_PCF_ZAR_20260508.csv,data/raw/easyai/EASYAI_PCF_ZAR_20260508.csv,4f66610c4fb825b536a8466071f81b8bbd52c1dae70a308744f6703471f508d5,2026-05-09T15:31:53Z
easyai,EASYAI,EasyETFs AI World Actively Managed ETF,2026-05-08,BLOOM ENERGY C-A,USD,5.87,https://easyetf-constituents.s3.us-west-2.amazonaws.com/EASYAI_PCF_ZAR_20260508.csv,data/raw/easyai/EASYAI_PCF_ZAR_20260508.csv,4f66610c4fb825b536a8466071f81b8bbd52c1dae70a308744f6703471f508d5,2026-05-09T15:31:53Z
easyai,EASYAI,EasyETFs AI World Actively Managed ETF,2026-05-08,NVIDIA CORP,USD,5.74,https://easyetf-constituents.s3.us-west-2.amazonaws.com/EASYAI_PCF_ZAR_20260508.csv,data/raw/easyai/EASYAI_PCF_ZAR_20260508.csv,4f66610c4fb825b536a8466071f81b8bbd52c1dae70a308744f6703471f508d5,2026-05-09T15:31:53Z
easyai,EASYAI,EasyETFs AI World Actively Managed ETF,2026-05-08,FORMFACTOR INC,USD,5.54,https://easyetf-constituents.s3.us-west-2.amazonaws.com/EASYAI_PCF_ZAR_20260508.csv,data/raw/easyai/EASYAI_PCF_ZAR_20260508.csv,4f66610c4fb825b536a8466071f81b8bbd52c1dae70a308744f6703471f508d5,2026-05-09T15:31:53Z
easyai,EASYAI,EasyETFs AI World Actively Managed ETF,2026-05-08,VICOR CORP,USD,4.78,https://easyetf-constituents.s3.us-west-2.amazonaws.com/EASYAI_PCF_ZAR_20260508.csv,data/raw/easyai/EASYAI_PCF_ZAR_20260508.csv,4f66610c4fb825b536a8466071f81b8bbd52c1dae70a308744f6703471f508d5,2026-05-09T15:31:53Z
easyai,EASYAI,EasyETFs AI World Actively Managed ETF,2026-05-08,COHERENT CORP,USD,4.73,https://easyetf-constituents.s3.us-west-2.amazonaws.com/EASYAI_PCF_ZAR_20260508.csv,data/raw/easyai/EASYAI_PCF_ZAR_20260508.csv,4f66610c4fb825b536a8466071f81b8bbd52c1dae70a308744f6703471f508d5,2026-05-09T15:31:53Z
easyai,EASYAI,EasyETFs AI World Actively Managed ETF,2026-05-08,GE VERNOVA LLC,USD,4.7,https://easyetf-constituents.s3.us-west-2.amazonaws.com/EASYAI_PCF_ZAR_20260508.csv,data/raw/easyai/EASYAI_PCF_ZAR_20260508.csv,4f66610c4fb825b536a8466071f81b8bbd52c1dae70a308744f6703471f508d5,2026-05-09T15:31:53Z
easyai,EASYAI,EasyETFs AI World Actively Managed ETF,2026-05-08,ARGAN INC,USD,4.01,https://easyetf-constituents.s3.us-west-2.amazonaws.com/EASYAI_PCF_ZAR_20260508.csv,data/raw/easyai/EASYAI_PCF_ZAR_20260508.csv,4f66610c4fb825b536a8466071f81b8bbd52c1dae70a308744f6703471f508d5,2026-05-09T15:31:53Z
easyai,EASYAI,EasyETFs AI World Actively Managed ETF,2026-05-08,ADV ENERGY INDS,USD,3.8,https://easyetf-constituents.s3.us-west-2.amazonaws.com/EASYAI_PCF_ZAR_20260508.csv,data/raw/easyai/EASYAI_PCF_ZAR_20260508.csv,4f66610c4fb825b536a8466071f81b8bbd52c1dae70a308744f6703471f508d5,2026-05-09T15:31:53Z
easyai,EASYAI,EasyETFs AI World Actively Managed ETF,2026-05-08,FABRINET,USD,3.68,https://easyetf-constituents.s3.us-west-2.amazonaws.com/EASYAI_PCF_ZAR_20260508.csv,data/raw/easyai/EASYAI_PCF_ZAR_20260508.csv,4f66610c4fb825b536a8466071f81b8bbd52c1dae70a308744f6703471f508d5,2026-05-09T15:31:53Z
easyai,EASYAI,EasyETFs AI World Actively Managed ETF,2026-05-08,MICRON TECH,USD,3.51,https://easyetf-constituents.s3.us-west-2.amazonaws.com/EASYAI_PCF_ZAR_20260508.csv,data/raw/easyai/EASYAI_PCF_ZAR_20260508.csv,4f66610c4fb825b536a8466071f81b8bbd52c1dae70a308744f6703471f508d5,2026-05-09T15:31:53Z
easyai,EASYAI,EasyETFs AI World Actively Managed ETF,2026-05-08,QUANTA SERVICES,USD,3.31,https://easyetf-constituents.s3.us-west-2.amazonaws.com/EASYAI_PCF_ZAR_20260508.csv,data/raw/easyai/EASYAI_PCF_ZAR_20260508.csv,4f66610c4fb825b536a8466071f81b8bbd52c1dae70a308744f6703471f508d5,2026-05-09T15:31:53Z
easyai,EASYAI,EasyETFs AI World Actively Managed ETF,2026-05-08,CIENA CORP,USD,3.19,https://easyetf-constituents.s3.us-west-2.amazonaws.com/EASYAI_PCF_ZAR_20260508.csv,data/raw/easyai/EASYAI_PCF_ZAR_20260508.csv,4f66610c4fb825b536a8466071f81b8bbd52c1dae70a308744f6703471f508d5,2026-05-09T15:31:53Z
easyai,EASYAI,EasyETFs AI World Actively Managed ETF,2026-05-08,AXT INC,USD,2.81,https://easyetf-constituents.s3.us-west-2.amazonaws.com/EASYAI_PCF_ZAR_20260508.csv,data/raw/easyai/EASYAI_PCF_ZAR_20260508.csv,4f66610c4fb825b536a8466071f81b8bbd52c1dae70a308744f6703471f508d5,2026-05-09T15:31:53Z
easyai,EASYAI,EasyETFs AI World Actively Managed ETF,2026-05-08,ONTO INNOVATION,USD,2.7,https://easyetf-constituents.s3.us-west-2.amazonaws.com/EASYAI_PCF_ZAR_20260508.csv,data/raw/easyai/EASYAI_PCF_ZAR_20260508.csv,4f66610c4fb825b536a8466071f81b8bbd52c1dae70a308744f6703471f508d5,2026-05-09T15:31:53Z
easyai,EASYAI,EasyETFs AI World Actively Managed ETF,2026-05-08,CREDO TECHNOLOGY GROUP HOLDI,USD,2.66,https://easyetf-constituents.s3.us-west-2.amazonaws.com/EASYAI_PCF_ZAR_20260508.csv,data/raw/easyai/EASYAI_PCF_ZAR_20260508.csv,4f66610c4fb825b536a8466071f81b8bbd52c1dae70a308744f6703471f508d5,2026-05-09T15:31:53Z
easyai,EASYAI,EasyETFs AI World Actively Managed ETF,2026-05-08,CAMTEK LTD,USD,2.59,https://easyetf-constituents.s3.us-west-2.amazonaws.com/EASYAI_PCF_ZAR_20260508.csv,data/raw/easyai/EASYAI_PCF_ZAR_20260508.csv,4f66610c4fb825b536a8466071f81b8bbd52c1dae70a308744f6703471f508d5,2026-05-09T15:31:53Z
easyai,EASYAI,EasyETFs AI World Actively Managed ETF,2026-05-08,META PLATFORMS-A,USD,2.39,https://easyetf-constituents.s3.us-west-2.amazonaws.com/EASYAI_PCF_ZAR_20260508.csv,data/raw/easyai/EASYAI_PCF_ZAR_20260508.csv,4f66610c4fb825b536a8466071f81b8bbd52c1dae70a308744f6703471f508d5,2026-05-09T15:31:53Z
easyai,EASYAI,EasyETFs AI World Actively Managed ETF,2026-05-08,BWX TECHNOLOGIES,USD,2.38,https://easyetf-constituents.s3.us-west-2.amazonaws.com/EASYAI_PCF_ZAR_20260508.csv,data/raw/easyai/EASYAI_PCF_ZAR_20260508.csv,4f66610c4fb825b536a8466071f81b8bbd52c1dae70a308744f6703471f508d5,2026-05-09T15:31:53Z
easyai,EASYAI,EasyETFs AI World Actively Managed ETF,2026-05-08,MKS INC,USD,2.2,https://easyetf-constituents.s3.us-west-2.amazonaws.com/EASYAI_PCF_ZAR_20260508.csv,data/raw/easyai/EASYAI_PCF_ZAR_20260508.csv,4f66610c4fb825b536a8466071f81b8bbd52c1dae70a308744f6703471f508d5,2026-05-09T15:31:53Z
easyai,EASYAI,EasyETFs AI World Actively Managed ETF,2026-05-08,VERTIV HOLDINGS,USD,2.17,https://easyetf-constituents.s3.us-west-2.amazonaws.com/EASYAI_PCF_ZAR_20260508.csv,data/raw/easyai/EASYAI_PCF_ZAR_20260508.csv,4f66610c4fb825b536a8466071f81b8bbd52c1dae70a308744f6703471f508d5,2026-05-09T15:31:53Z
easyai,EASYAI,EasyETFs AI World Actively Managed ETF,2026-05-08,AMPHENOL CORP,USD,2.15,https://easyetf-constituents.s3.us-west-2.amazonaws.com/EASYAI_PCF_ZAR_20260508.csv,data/raw/easyai/EASYAI_PCF_ZAR_20260508.csv,4f66610c4fb825b536a8466071f81b8bbd52c1dae70a308744f6703471f508d5,2026-05-09T15:31:53Z
easyai,EASYAI,EasyETFs AI World Actively Managed ETF,2026-05-08,NEBIUS GROUP NV,USD,1.95,https://easyetf-constituents.s3.us-west-2.amazonaws.com/EASYAI_PCF_ZAR_20260508.csv,data/raw/easyai/EASYAI_PCF_ZAR_20260508.csv,4f66610c4fb825b536a8466071f81b8bbd52c1dae70a308744f6703471f508d5,2026-05-09T15:31:53Z
easyai,EASYAI,EasyETFs AI World Actively Managed ETF,2026-05-08,GENERAL ELECTRIC,USD,1.5,https://easyetf-constituents.s3.us-west-2.amazonaws.com/EASYAI_PCF_ZAR_20260508.csv,data/raw/easyai/EASYAI_PCF_ZAR_20260508.csv,4f66610c4fb825b536a8466071f81b8bbd52c1dae70a308744f6703471f508d5,2026-05-09T15:31:53Z
easyai,EASYAI,EasyETFs AI World Actively Managed ETF,2026-05-08,APPLOVIN CO-CL A,USD,1.43,https://easyetf-constituents.s3.us-west-2.amazonaws.com/EASYAI_PCF_ZAR_20260508.csv,data/raw/easyai/EASYAI_PCF_ZAR_20260508.csv,4f66610c4fb825b536a8466071f81b8bbd52c1dae70a308744f6703471f508d5,2026-05-09T15:31:53Z
easyai,EASYAI,EasyETFs AI World Actively Managed ETF,2026-05-08,IREN LTD,USD,1.41,https://easyetf-constituents.s3.us-west-2.amazonaws.com/EASYAI_PCF_ZAR_20260508.csv,data/raw/easyai/EASYAI_PCF_ZAR_20260508.csv,4f66610c4fb825b536a8466071f81b8bbd52c1dae70a308744f6703471f508d5,2026-05-09T15:31:53Z
easyai,EASYAI,EasyETFs AI World Actively Managed ETF,2026-05-08,AXON ENTERPRISE,USD,0.95,https://easyetf-constituents.s3.us-west-2.amazonaws.com/EASYAI_PCF_ZAR_20260508.csv,data/raw/easyai/EASYAI_PCF_ZAR_20260508.csv,4f66610c4fb825b536a8466071f81b8bbd52c1dae70a308744f6703471f508d5,2026-05-09T15:31:53Z
easyai,EASYAI,EasyETFs AI World Actively Managed ETF,2026-05-08,KARMAN HOLDINGS INC,USD,0.8,https://easyetf-constituents.s3.us-west-2.amazonaws.com/EASYAI_PCF_ZAR_20260508.csv,data/raw/easyai/EASYAI_PCF_ZAR_20260508.csv,4f66610c4fb825b536a8466071f81b8bbd52c1dae70a308744f6703471f508d5,2026-05-09T15:31:53Z
easyai,EASYAI,EasyETFs AI World Actively Managed ETF,2026-05-08,INAV - ZAR.CASH,ZAR,0.45,https://easyetf-constituents.s3.us-west-2.amazonaws.com/EASYAI_PCF_ZAR_20260508.csv,data/raw/easyai/EASYAI_PCF_ZAR_20260508.csv,4f66610c4fb825b536a8466071f81b8bbd52c1dae70a308744f6703471f508d5,2026-05-09T15:31:53Z
easyai,EASYAI,EasyETFs AI World Actively Managed ETF,2026-05-08,INAV - USD.CASH,USD,0.0,https://easyetf-constituents.s3.us-west-2.amazonaws.com/EASYAI_PCF_ZAR_20260508.csv,data/raw/easyai/EASYAI_PCF_ZAR_20260508.csv,4f66610c4fb825b536a8466071f81b8bbd52c1dae70a308744f6703471f508d5,2026-05-09T15:31:53Z
easyai,EASYAI,EasyETFs AI World Actively Managed ETF,2026-05-11,LUMENTUM HOL,USD,8.61,https://easyetf-constituents.s3.us-west-2.amazonaws.com/EASYAI_PCF_ZAR_20260511.csv,data/raw/easyai/EASYAI_PCF_ZAR_20260511.csv,b15a0aae81c12a485f0646f1f6548abad473ae19e5d34b01999a98d07b543756,2026-05-11T08:36:46Z
easyai,EASYAI,EasyETFs AI World Actively Managed ETF,2026-05-11,COMFORT SYSTEMS,USD,7.75,https://easyetf-constituents.s3.us-west-2.amazonaws.com/EASYAI_PCF_ZAR_20260511.csv,data/raw/easyai/EASYAI_PCF_ZAR_20260511.csv,b15a0aae81c12a485f0646f1f6548abad473ae19e5d34b01999a98d07b543756,2026-05-11T08:36:46Z
easyai,EASYAI,EasyETFs AI World Actively Managed ETF,2026-05-11,BLOOM ENERGY C-A,USD,5.85,https://easyetf-constituents.s3.us-west-2.amazonaws.com/EASYAI_PCF_ZAR_20260511.csv,data/raw/easyai/EASYAI_PCF_ZAR_20260511.csv,b15a0aae81c12a485f0646f1f6548abad473ae19e5d34b01999a98d07b543756,2026-05-11T08:36:46Z
easyai,EASYAI,EasyETFs AI World Actively Managed ETF,2026-05-11,NVIDIA CORP,USD,5.77,https://easyetf-constituents.s3.us-west-2.amazonaws.com/EASYAI_PCF_ZAR_20260511.csv,data/raw/easyai/EASYAI_PCF_ZAR_20260511.csv,b15a0aae81c12a485f0646f1f6548abad473ae19e5d34b01999a98d07b543756,2026-05-11T08:36:46Z
easyai,EASYAI,EasyETFs AI World Actively Managed ETF,2026-05-11,FORMFACTOR INC,USD,5.59,https://easyetf-constituents.s3.us-west-2.amazonaws.com/EASYAI_PCF_ZAR_20260511.csv,data/raw/easyai/EASYAI_PCF_ZAR_20260511.csv,b15a0aae81c12a485f0646f1f6548abad473ae19e5d34b01999a98d07b543756,2026-05-11T08:36:46Z
easyai,EASYAI,EasyETFs AI World Actively Managed ETF,2026-05-11,COHERENT CORP,USD,4.91,https://easyetf-constituents.s3.us-west-2.amazonaws.com/EASYAI_PCF_ZAR_20260511.csv,data/raw/easyai/EASYAI_PCF_ZAR_20260511.csv,b15a0aae81c12a485f0646f1f6548abad473ae19e5d34b01999a98d07b543756,2026-05-11T08:36:46Z
easyai,EASYAI,EasyETFs AI World Actively Managed ETF,2026-05-11,VICOR CORP,USD,4.63,https://easyetf-constituents.s3.us-west-2.amazonaws.com/EASYAI_PCF_ZAR_20260511.csv,data/raw/easyai/EASYAI_PCF_ZAR_20260511.csv,b15a0aae81c12a485f0646f1f6548abad473ae19e5d34b01999a98d07b543756,2026-05-11T08:36:46Z
easyai,EASYAI,EasyETFs AI World Actively Managed ETF,2026-05-11,GE VERNOVA LLC,USD,4.61,https://easyetf-constituents.s3.us-west-2.amazonaws.com/EASYAI_PCF_ZAR_20260511.csv,data/raw/easyai/EASYAI_PCF_ZAR_20260511.csv,b15a0aae81c12a485f0646f1f6548abad473ae19e5d34b01999a98d07b543756,2026-05-11T08:36:46Z
easyai,EASYAI,EasyETFs AI World Actively Managed ETF,2026-05-11,MICRON TECH,USD,4.0,https://easyetf-constituents.s3.us-west-2.amazonaws.com/EASYAI_PCF_ZAR_20260511.csv,data/raw/easyai/EASYAI_PCF_ZAR_20260511.csv,b15a0aae81c12a485f0646f1f6548abad473ae19e5d34b01999a98d07b543756,2026-05-11T08:36:46Z
easyai,EASYAI,EasyETFs AI World Actively Managed ETF,2026-05-11,ARGAN INC,USD,3.9,https://easyetf-constituents.s3.us-west-2.amazonaws.com/EASYAI_PCF_ZAR_20260511.csv,data/raw/easyai/EASYAI_PCF_ZAR_20260511.csv,b15a0aae81c12a485f0646f1f6548abad473ae19e5d34b01999a98d07b543756,2026-05-11T08:36:46Z
easyai,EASYAI,EasyETFs AI World Actively Managed ETF,2026-05-11,ADV ENERGY INDS,USD,3.81,https://easyetf-constituents.s3.us-west-2.amazonaws.com/EASYAI_PCF_ZAR_20260511.csv,data/raw/easyai/EASYAI_PCF_ZAR_20260511.csv,b15a0aae81c12a485f0646f1f6548abad473ae19e5d34b01999a98d07b543756,2026-05-11T08:36:46Z
easyai,EASYAI,EasyETFs AI World Actively Managed ETF,2026-05-11,FABRINET,USD,3.6,https://easyetf-constituents.s3.us-west-2.amazonaws.com/EASYAI_PCF_ZAR_20260511.csv,data/raw/easyai/EASYAI_PCF_ZAR_20260511.csv,b15a0aae81c12a485f0646f1f6548abad473ae19e5d34b01999a98d07b543756,2026-05-11T08:36:46Z
easyai,EASYAI,EasyETFs AI World Actively Managed ETF,2026-05-11,QUANTA SERVICES,USD,3.24,https://easyetf-constituents.s3.us-west-2.amazonaws.com/EASYAI_PCF_ZAR_20260511.csv,data/raw/easyai/EASYAI_PCF_ZAR_20260511.csv,b15a0aae81c12a485f0646f1f6548abad473ae19e5d34b01999a98d07b543756,2026-05-11T08:36:46Z
easyai,EASYAI,EasyETFs AI World Actively Managed ETF,2026-05-11,CIENA CORP,USD,3.21,https://easyetf-constituents.s3.us-west-2.amazonaws.com/EASYAI_PCF_ZAR_20260511.csv,data/raw/easyai/EASYAI_PCF_ZAR_20260511.csv,b15a0aae81c12a485f0646f1f6548abad473ae19e5d34b01999a98d07b543756,2026-05-11T08:36:46Z
easyai,EASYAI,EasyETFs AI World Actively Managed ETF,2026-05-11,AXT INC,USD,2.98,https://easyetf-constituents.s3.us-west-2.amazonaws.com/EASYAI_PCF_ZAR_20260511.csv,data/raw/easyai/EASYAI_PCF_ZAR_20260511.csv,b15a0aae81c12a485f0646f1f6548abad473ae19e5d34b01999a98d07b543756,2026-05-11T08:36:46Z
easyai,EASYAI,EasyETFs AI World Actively Managed ETF,2026-05-11,ONTO INNOVATION,USD,2.77,https://easyetf-constituents.s3.us-west-2.amazonaws.com/EASYAI_PCF_ZAR_20260511.csv,data/raw/easyai/EASYAI_PCF_ZAR_20260511.csv,b15a0aae81c12a485f0646f1f6548abad473ae19e5d34b01999a98d07b543756,2026-05-11T08:36:46Z
easyai,EASYAI,EasyETFs AI World Actively Managed ETF,2026-05-11,CAMTEK LTD,USD,2.73,https://easyetf-constituents.s3.us-west-2.amazonaws.com/EASYAI_PCF_ZAR_20260511.csv,data/raw/easyai/EASYAI_PCF_ZAR_20260511.csv,b15a0aae81c12a485f0646f1f6548abad473ae19e5d34b01999a98d07b543756,2026-05-11T08:36:46Z
easyai,EASYAI,EasyETFs AI World Actively Managed ETF,2026-05-11,CREDO TECHNOLOGY GROUP HOLDI,USD,2.63,https://easyetf-constituents.s3.us-west-2.amazonaws.com/EASYAI_PCF_ZAR_20260511.csv,data/raw/easyai/EASYAI_PCF_ZAR_20260511.csv,b15a0aae81c12a485f0646f1f6548abad473ae19e5d34b01999a98d07b543756,2026-05-11T08:36:46Z
easyai,EASYAI,EasyETFs AI World Actively Managed ETF,2026-05-11,META PLATFORMS-A,USD,2.33,https://easyetf-constituents.s3.us-west-2.amazonaws.com/EASYAI_PCF_ZAR_20260511.csv,data/raw/easyai/EASYAI_PCF_ZAR_20260511.csv,b15a0aae81c12a485f0646f1f6548abad473ae19e5d34b01999a98d07b543756,2026-05-11T08:36:46Z
easyai,EASYAI,EasyETFs AI World Actively Managed ETF,2026-05-11,BWX TECHNOLOGIES,USD,2.3,https://easyetf-constituents.s3.us-west-2.amazonaws.com/EASYAI_PCF_ZAR_20260511.csv,data/raw/easyai/EASYAI_PCF_ZAR_20260511.csv,b15a0aae81c12a485f0646f1f6548abad473ae19e5d34b01999a98d07b543756,2026-05-11T08:36:46Z
easyai,EASYAI,EasyETFs AI World Actively Managed ETF,2026-05-11,MKS INC,USD,2.26,https://easyetf-constituents.s3.us-west-2.amazonaws.com/EASYAI_PCF_ZAR_20260511.csv,data/raw/easyai/EASYAI_PCF_ZAR_20260511.csv,b15a0aae81c12a485f0646f1f6548abad473ae19e5d34b01999a98d07b543756,2026-05-11T08:36:46Z
easyai,EASYAI,EasyETFs AI World Actively Managed ETF,2026-05-11,VERTIV HOLDINGS,USD,2.14,https://easyetf-constituents.s3.us-west-2.amazonaws.com/EASYAI_PCF_ZAR_20260511.csv,data/raw/easyai/EASYAI_PCF_ZAR_20260511.csv,b15a0aae81c12a485f0646f1f6548abad473ae19e5d34b01999a98d07b543756,2026-05-11T08:36:46Z
easyai,EASYAI,EasyETFs AI World Actively Managed ETF,2026-05-11,AMPHENOL CORP,USD,1.99,https://easyetf-constituents.s3.us-west-2.amazonaws.com/EASYAI_PCF_ZAR_20260511.csv,data/raw/easyai/EASYAI_PCF_ZAR_20260511.csv,b15a0aae81c12a485f0646f1f6548abad473ae19e5d34b01999a98d07b543756,2026-05-11T08:36:46Z
easyai,EASYAI,EasyETFs AI World Actively Managed ETF,2026-05-11,NEBIUS GROUP NV,USD,1.84,https://easyetf-constituents.s3.us-west-2.amazonaws.com/EASYAI_PCF_ZAR_20260511.csv,data/raw/easyai/EASYAI_PCF_ZAR_20260511.csv,b15a0aae81c12a485f0646f1f6548abad473ae19e5d34b01999a98d07b543756,2026-05-11T08:36:46Z
easyai,EASYAI,EasyETFs AI World Actively Managed ETF,2026-05-11,IREN LTD,USD,1.5,https://easyetf-constituents.s3.us-west-2.amazonaws.com/EASYAI_PCF_ZAR_20260511.csv,data/raw/easyai/EASYAI_PCF_ZAR_20260511.csv,b15a0aae81c12a485f0646f1f6548abad473ae19e5d34b01999a98d07b543756,2026-05-11T08:36:46Z
easyai,EASYAI,EasyETFs AI World Actively Managed ETF,2026-05-11,GENERAL ELECTRIC,USD,1.45,https://easyetf-constituents.s3.us-west-2.amazonaws.com/EASYAI_PCF_ZAR_20260511.csv,data/raw/easyai/EASYAI_PCF_ZAR_20260511.csv,b15a0aae81c12a485f0646f1f6548abad473ae19e5d34b01999a98d07b543756,2026-05-11T08:36:46Z
easyai,EASYAI,EasyETFs AI World Actively Managed ETF,2026-05-11,APPLOVIN CO-CL A,USD,1.32,https://easyetf-constituents.s3.us-west-2.amazonaws.com/EASYAI_PCF_ZAR_20260511.csv,data/raw/easyai/EASYAI_PCF_ZAR_20260511.csv,b15a0aae81c12a485f0646f1f6548abad473ae19e5d34b01999a98d07b543756,2026-05-11T08:36:46Z
easyai,EASYAI,EasyETFs AI World Actively Managed ETF,2026-05-11,AXON ENTERPRISE,USD,0.88,https://easyetf-constituents.s3.us-west-2.amazonaws.com/EASYAI_PCF_ZAR_20260511.csv,data/raw/easyai/EASYAI_PCF_ZAR_20260511.csv,b15a0aae81c12a485f0646f1f6548abad473ae19e5d34b01999a98d07b543756,2026-05-11T08:36:46Z
easyai,EASYAI,EasyETFs AI World Actively Managed ETF,2026-05-11,KARMAN HOLDINGS INC,USD,0.8,https://easyetf-constituents.s3.us-west-2.amazonaws.com/EASYAI_PCF_ZAR_20260511.csv,data/raw/easyai/EASYAI_PCF_ZAR_20260511.csv,b15a0aae81c12a485f0646f1f6548abad473ae19e5d34b01999a98d07b543756,2026-05-11T08:36:46Z
easyai,EASYAI,EasyETFs AI World Actively Managed ETF,2026-05-11,INAV - ZAR.CASH,ZAR,0.44,https://easyetf-constituents.s3.us-west-2.amazonaws.com/EASYAI_PCF_ZAR_20260511.csv,data/raw/easyai/EASYAI_PCF_ZAR_20260511.csv,b15a0aae81c12a485f0646f1f6548abad473ae19e5d34b01999a98d07b543756,2026-05-11T08:36:46Z
easyai,EASYAI,EasyETFs AI World Actively Managed ETF,2026-05-11,INAV - USD.CASH,USD,0.0,https://easyetf-constituents.s3.us-west-2.amazonaws.com/EASYAI_PCF_ZAR_20260511.csv,data/raw/easyai/EASYAI_PCF_ZAR_20260511.csv,b15a0aae81c12a485f0646f1f6548abad473ae19e5d34b01999a98d07b543756,2026-05-11T08:36:46Z
easyai,EASYAI,EasyETFs AI World Actively Managed ETF,2026-05-12,LUMENTUM HOL,USD,9.48,https://easyetf-constituents.s3.us-west-2.amazonaws.com/EASYAI_PCF_ZAR_20260512.csv,data/raw/easyai/EASYAI_PCF_ZAR_20260512.csv,0137d006f1a6ca756119040bdf8212d6e07545ac5f3748ffe50b5f8f58c2fddc,2026-05-12T07:43:29Z
easyai,EASYAI,EasyETFs AI World Actively Managed ETF,2026-05-12,COMFORT SYSTEMS,USD,7.63,https://easyetf-constituents.s3.us-west-2.amazonaws.com/EASYAI_PCF_ZAR_20260512.csv,data/raw/easyai/EASYAI_PCF_ZAR_20260512.csv,0137d006f1a6ca756119040bdf8212d6e07545ac5f3748ffe50b5f8f58c2fddc,2026-05-12T07:43:29Z
easyai,EASYAI,EasyETFs AI World Actively Managed ETF,2026-05-12,BLOOM ENERGY C-A,USD,6.02,https://easyetf-constituents.s3.us-west-2.amazonaws.com/EASYAI_PCF_ZAR_20260512.csv,data/raw/easyai/EASYAI_PCF_ZAR_20260512.csv,0137d006f1a6ca756119040bdf8212d6e07545ac5f3748ffe50b5f8f58c2fddc,2026-05-12T07:43:29Z
easyai,EASYAI,EasyETFs AI World Actively Managed ETF,2026-05-12,NVIDIA CORP,USD,5.56,https://easyetf-constituents.s3.us-west-2.amazonaws.com/EASYAI_PCF_ZAR_20260512.csv,data/raw/easyai/EASYAI_PCF_ZAR_20260512.csv,0137d006f1a6ca756119040bdf8212d6e07545ac5f3748ffe50b5f8f58c2fddc,2026-05-12T07:43:29Z
easyai,EASYAI,EasyETFs AI World Actively Managed ETF,2026-05-12,FORMFACTOR INC,USD,5.41,https://easyetf-constituents.s3.us-west-2.amazonaws.com/EASYAI_PCF_ZAR_20260512.csv,data/raw/easyai/EASYAI_PCF_ZAR_20260512.csv,0137d006f1a6ca756119040bdf8212d6e07545ac5f3748ffe50b5f8f58c2fddc,2026-05-12T07:43:29Z
easyai,EASYAI,EasyETFs AI World Actively Managed ETF,2026-05-12,VICOR CORP,USD,5.34,https://easyetf-constituents.s3.us-west-2.amazonaws.com/EASYAI_PCF_ZAR_20260512.csv,data/raw/easyai/EASYAI_PCF_ZAR_20260512.csv,0137d006f1a6ca756119040bdf8212d6e07545ac5f3748ffe50b5f8f58c2fddc,2026-05-12T07:43:29Z
easyai,EASYAI,EasyETFs AI World Actively Managed ETF,2026-05-12,COHERENT CORP,USD,5.25,https://easyetf-constituents.s3.us-west-2.amazonaws.com/EASYAI_PCF_ZAR_20260512.csv,data/raw/easyai/EASYAI_PCF_ZAR_20260512.csv,0137d006f1a6ca756119040bdf8212d6e07545ac5f3748ffe50b5f8f58c2fddc,2026-05-12T07:43:29Z
easyai,EASYAI,EasyETFs AI World Actively Managed ETF,2026-05-12,GE VERNOVA LLC,USD,4.5,https://easyetf-constituents.s3.us-west-2.amazonaws.com/EASYAI_PCF_ZAR_20260512.csv,data/raw/easyai/EASYAI_PCF_ZAR_20260512.csv,0137d006f1a6ca756119040bdf8212d6e07545ac5f3748ffe50b5f8f58c2fddc,2026-05-12T07:43:29Z
easyai,EASYAI,EasyETFs AI World Actively Managed ETF,2026-05-12,MICRON TECH,USD,4.03,https://easyetf-constituents.s3.us-west-2.amazonaws.com/EASYAI_PCF_ZAR_20260512.csv,data/raw/easyai/EASYAI_PCF_ZAR_20260512.csv,0137d006f1a6ca756119040bdf8212d6e07545ac5f3748ffe50b5f8f58c2fddc,2026-05-12T07:43:29Z
easyai,EASYAI,EasyETFs AI World Actively Managed ETF,2026-05-12,ARGAN INC,USD,3.7,https://easyetf-constituents.s3.us-west-2.amazonaws.com/EASYAI_PCF_ZAR_20260512.csv,data/raw/easyai/EASYAI_PCF_ZAR_20260512.csv,0137d006f1a6ca756119040bdf8212d6e07545ac5f3748ffe50b5f8f58c2fddc,2026-05-12T07:43:29Z
easyai,EASYAI,EasyETFs AI World Actively Managed ETF,2026-05-12,ADV ENERGY INDS,USD,3.58,https://easyetf-constituents.s3.us-west-2.amazonaws.com/EASYAI_PCF_ZAR_20260512.csv,data/raw/easyai/EASYAI_PCF_ZAR_20260512.csv,0137d006f1a6ca756119040bdf8212d6e07545ac5f3748ffe50b5f8f58c2fddc,2026-05-12T07:43:29Z
easyai,EASYAI,EasyETFs AI World Actively Managed ETF,2026-05-12,FABRINET,USD,3.56,https://easyetf-constituents.s3.us-west-2.amazonaws.com/EASYAI_PCF_ZAR_20260512.csv,data/raw/easyai/EASYAI_PCF_ZAR_20260512.csv,0137d006f1a6ca756119040bdf8212d6e07545ac5f3748ffe50b5f8f58c2fddc,2026-05-12T07:43:29Z
easyai,EASYAI,EasyETFs AI World Actively Managed ETF,2026-05-12,CIENA CORP,USD,3.22,https://easyetf-constituents.s3.us-west-2.amazonaws.com/EASYAI_PCF_ZAR_20260512.csv,data/raw/easyai/EASYAI_PCF_ZAR_20260512.csv,0137d006f1a6ca756119040bdf8212d6e07545ac5f3748ffe50b5f8f58c2fddc,2026-05-12T07:43:29Z
easyai,EASYAI,EasyETFs AI World Actively Managed ETF,2026-05-12,QUANTA SERVICES,USD,3.21,https://easyetf-constituents.s3.us-west-2.amazonaws.com/EASYAI_PCF_ZAR_20260512.csv,data/raw/easyai/EASYAI_PCF_ZAR_20260512.csv,0137d006f1a6ca756119040bdf8212d6e07545ac5f3748ffe50b5f8f58c2fddc,2026-05-12T07:43:29Z
easyai,EASYAI,EasyETFs AI World Actively Managed ETF,2026-05-12,AXT INC,USD,3.04,https://easyetf-constituents.s3.us-west-2.amazonaws.com/EASYAI_PCF_ZAR_20260512.csv,data/raw/easyai/EASYAI_PCF_ZAR_20260512.csv,0137d006f1a6ca756119040bdf8212d6e07545ac5f3748ffe50b5f8f58c2fddc,2026-05-12T07:43:29Z
easyai,EASYAI,EasyETFs AI World Actively Managed ETF,2026-05-12,CREDO TECHNOLOGY GROUP HOLDI,USD,2.77,https://easyetf-constituents.s3.us-west-2.amazonaws.com/EASYAI_PCF_ZAR_20260512.csv,data/raw/easyai/EASYAI_PCF_ZAR_20260512.csv,0137d006f1a6ca756119040bdf8212d6e07545ac5f3748ffe50b5f8f58c2fddc,2026-05-12T07:43:29Z
easyai,EASYAI,EasyETFs AI World Actively Managed ETF,2026-05-12,ONTO INNOVATION,USD,2.65,https://easyetf-constituents.s3.us-west-2.amazonaws.com/EASYAI_PCF_ZAR_20260512.csv,data/raw/easyai/EASYAI_PCF_ZAR_20260512.csv,0137d006f1a6ca756119040bdf8212d6e07545ac5f3748ffe50b5f8f58c2fddc,2026-05-12T07:43:29Z
easyai,EASYAI,EasyETFs AI World Actively Managed ETF,2026-05-12,CAMTEK LTD,USD,2.6,https://easyetf-constituents.s3.us-west-2.amazonaws.com/EASYAI_PCF_ZAR_20260512.csv,data/raw/easyai/EASYAI_PCF_ZAR_20260512.csv,0137d006f1a6ca756119040bdf8212d6e07545ac5f3748ffe50b5f8f58c2fddc,2026-05-12T07:43:29Z
easyai,EASYAI,EasyETFs AI World Actively Managed ETF,2026-05-12,BWX TECHNOLOGIES,USD,2.23,https://easyetf-constituents.s3.us-west-2.amazonaws.com/EASYAI_PCF_ZAR_20260512.csv,data/raw/easyai/EASYAI_PCF_ZAR_20260512.csv,0137d006f1a6ca756119040bdf8212d6e07545ac5f3748ffe50b5f8f58c2fddc,2026-05-12T07:43:29Z
easyai,EASYAI,EasyETFs AI World Actively Managed ETF,2026-05-12,VERTIV HOLDINGS,USD,2.19,https://easyetf-constituents.s3.us-west-2.amazonaws.com/EASYAI_PCF_ZAR_20260512.csv,data/raw/easyai/EASYAI_PCF_ZAR_20260512.csv,0137d006f1a6ca756119040bdf8212d6e07545ac5f3748ffe50b5f8f58c2fddc,2026-05-12T07:43:29Z
easyai,EASYAI,EasyETFs AI World Actively Managed ETF,2026-05-12,MKS INC,USD,2.18,https://easyetf-constituents.s3.us-west-2.amazonaws.com/EASYAI_PCF_ZAR_20260512.csv,data/raw/easyai/EASYAI_PCF_ZAR_20260512.csv,0137d006f1a6ca756119040bdf8212d6e07545ac5f3748ffe50b5f8f58c2fddc,2026-05-12T07:43:29Z
easyai,EASYAI,EasyETFs AI World Actively Managed ETF,2026-05-12,META PLATFORMS-A,USD,2.17,https://easyetf-constituents.s3.us-west-2.amazonaws.com/EASYAI_PCF_ZAR_20260512.csv,data/raw/easyai/EASYAI_PCF_ZAR_20260512.csv,0137d006f1a6ca756119040bdf8212d6e07545ac5f3748ffe50b5f8f58c2fddc,2026-05-12T07:43:29Z
easyai,EASYAI,EasyETFs AI World Actively Managed ETF,2026-05-12,NEBIUS GROUP NV,USD,1.83,https://easyetf-constituents.s3.us-west-2.amazonaws.com/EASYAI_PCF_ZAR_20260512.csv,data/raw/easyai/EASYAI_PCF_ZAR_20260512.csv,0137d006f1a6ca756119040bdf8212d6e07545ac5f3748ffe50b5f8f58c2fddc,2026-05-12T07:43:29Z
easyai,EASYAI,EasyETFs AI World Actively Managed ETF,2026-05-12,AMPHENOL CORP,USD,1.8,https://easyetf-constituents.s3.us-west-2.amazonaws.com/EASYAI_PCF_ZAR_20260512.csv,data/raw/easyai/EASYAI_PCF_ZAR_20260512.csv,0137d006f1a6ca756119040bdf8212d6e07545ac5f3748ffe50b5f8f58c2fddc,2026-05-12T07:43:29Z
easyai,EASYAI,EasyETFs AI World Actively Managed ETF,2026-05-12,GENERAL ELECTRIC,USD,1.39,https://easyetf-constituents.s3.us-west-2.amazonaws.com/EASYAI_PCF_ZAR_20260512.csv,data/raw/easyai/EASYAI_PCF_ZAR_20260512.csv,0137d006f1a6ca756119040bdf8212d6e07545ac5f3748ffe50b5f8f58c2fddc,2026-05-12T07:43:29Z
easyai,EASYAI,EasyETFs AI World Actively Managed ETF,2026-05-12,IREN LTD,USD,1.28,https://easyetf-constituents.s3.us-west-2.amazonaws.com/EASYAI_PCF_ZAR_20260512.csv,data/raw/easyai/EASYAI_PCF_ZAR_20260512.csv,0137d006f1a6ca756119040bdf8212d6e07545ac5f3748ffe50b5f8f58c2fddc,2026-05-12T07:43:29Z
easyai,EASYAI,EasyETFs AI World Actively Managed ETF,2026-05-12,APPLOVIN CO-CL A,USD,1.28,https://easyetf-constituents.s3.us-west-2.amazonaws.com/EASYAI_PCF_ZAR_20260512.csv,data/raw/easyai/EASYAI_PCF_ZAR_20260512.csv,0137d006f1a6ca756119040bdf8212d6e07545ac5f3748ffe50b5f8f58c2fddc,2026-05-12T07:43:29Z
easyai,EASYAI,EasyETFs AI World Actively Managed ETF,2026-05-12,AXON ENTERPRISE,USD,0.82,https://easyetf-constituents.s3.us-west-2.amazonaws.com/EASYAI_PCF_ZAR_20260512.csv,data/raw/easyai/EASYAI_PCF_ZAR_20260512.csv,0137d006f1a6ca756119040bdf8212d6e07545ac5f3748ffe50b5f8f58c2fddc,2026-05-12T07:43:29Z
easyai,EASYAI,EasyETFs AI World Actively Managed ETF,2026-05-12,KARMAN HOLDINGS INC,USD,0.73,https://easyetf-constituents.s3.us-west-2.amazonaws.com/EASYAI_PCF_ZAR_20260512.csv,data/raw/easyai/EASYAI_PCF_ZAR_20260512.csv,0137d006f1a6ca756119040bdf8212d6e07545ac5f3748ffe50b5f8f58c2fddc,2026-05-12T07:43:29Z
easyai,EASYAI,EasyETFs AI World Actively Managed ETF,2026-05-12,INAV - ZAR.CASH,ZAR,0.41,https://easyetf-constituents.s3.us-west-2.amazonaws.com/EASYAI_PCF_ZAR_20260512.csv,data/raw/easyai/EASYAI_PCF_ZAR_20260512.csv,0137d006f1a6ca756119040bdf8212d6e07545ac5f3748ffe50b5f8f58c2fddc,2026-05-12T07:43:29Z
easyai,EASYAI,EasyETFs AI World Actively Managed ETF,2026-05-12,INAV - USD.CASH,USD,0.0,https://easyetf-constituents.s3.us-west-2.amazonaws.com/EASYAI_PCF_ZAR_20260512.csv,data/raw/easyai/EASYAI_PCF_ZAR_20260512.csv,0137d006f1a6ca756119040bdf8212d6e07545ac5f3748ffe50b5f8f58c2fddc,2026-05-12T07:43:29Z
easybalanced,EASYBF,EasyETFs Balanced Actively Managed ETF,2026-05-08,AI ACTIVELY MANAGED ETF,ZAR,21.5,https://easyetf-constituents.s3.us-west-2.amazonaws.com/EASYBF_PCF_ZAR_20260508.csv,data/raw/easybalanced/EASYBF_PCF_ZAR_20260508.csv,14dcef5d7bd60f8959dde4944d1f7b10629b25787d5c42acdc5ca89d11cef91d,2026-05-09T15:31:56Z
easybalanced,EASYBF,EasyETFs Balanced Actively Managed ETF,2026-05-08,EGE ACTIVELY MANAGED ETF,ZAR,21.5,https://easyetf-constituents.s3.us-west-2.amazonaws.com/EASYBF_PCF_ZAR_20260508.csv,data/raw/easybalanced/EASYBF_PCF_ZAR_20260508.csv,14dcef5d7bd60f8959dde4944d1f7b10629b25787d5c42acdc5ca89d11cef91d,2026-05-09T15:31:56Z
easybalanced,EASYBF,EasyETFs Balanced Actively Managed ETF,2026-05-08,Satrix SA Bond Portfolio,ZAR,7.33,https://easyetf-constituents.s3.us-west-2.amazonaws.com/EASYBF_PCF_ZAR_20260508.csv,data/raw/easybalanced/EASYBF_PCF_ZAR_20260508.csv,14dcef5d7bd60f8959dde4944d1f7b10629b25787d5c42acdc5ca89d11cef91d,2026-05-09T15:31:56Z
easybalanced,EASYBF,EasyETFs Balanced Actively Managed ETF,2026-05-08,INAV - ZAR.CASH,ZAR,6.13,https://easyetf-constituents.s3.us-west-2.amazonaws.com/EASYBF_PCF_ZAR_20260508.csv,data/raw/easybalanced/EASYBF_PCF_ZAR_20260508.csv,14dcef5d7bd60f8959dde4944d1f7b10629b25787d5c42acdc5ca89d11cef91d,2026-05-09T15:31:56Z
easybalanced,EASYBF,EasyETFs Balanced Actively Managed ETF,2026-05-08,Pan African Resource,ZAR,4.9,https://easyetf-constituents.s3.us-west-2.amazonaws.com/EASYBF_PCF_ZAR_20260508.csv,data/raw/easybalanced/EASYBF_PCF_ZAR_20260508.csv,14dcef5d7bd60f8959dde4944d1f7b10629b25787d5c42acdc5ca89d11cef91d,2026-05-09T15:31:56Z
easybalanced,EASYBF,EasyETFs Balanced Actively Managed ETF,2026-05-08,SATRIX NAS 100,ZAR,4.65,https://easyetf-constituents.s3.us-west-2.amazonaws.com/EASYBF_PCF_ZAR_20260508.csv,data/raw/easybalanced/EASYBF_PCF_ZAR_20260508.csv,14dcef5d7bd60f8959dde4944d1f7b10629b25787d5c42acdc5ca89d11cef91d,2026-05-09T15:31:56Z
easybalanced,EASYBF,EasyETFs Balanced Actively Managed ETF,2026-05-08,Capitec Bank Holdings Ltd,ZAR,4.29,https://easyetf-constituents.s3.us-west-2.amazonaws.com/EASYBF_PCF_ZAR_20260508.csv,data/raw/easybalanced/EASYBF_PCF_ZAR_20260508.csv,14dcef5d7bd60f8959dde4944d1f7b10629b25787d5c42acdc5ca89d11cef91d,2026-05-09T15:31:56Z
easybalanced,EASYBF,EasyETFs Balanced Actively Managed ETF,2026-05-08,New Gold Issuer Ltd,ZAR,3.43,https://easyetf-constituents.s3.us-west-2.amazonaws.com/EASYBF_PCF_ZAR_20260508.csv,data/raw/easybalanced/EASYBF_PCF_ZAR_20260508.csv,14dcef5d7bd60f8959dde4944d1f7b10629b25787d5c42acdc5ca89d11cef91d,2026-05-09T15:31:56Z
easybalanced,EASYBF,EasyETFs Balanced Actively Managed ETF,2026-05-08,NewPlat ETF,ZAR,3.3,https://easyetf-constituents.s3.us-west-2.amazonaws.com/EASYBF_PCF_ZAR_20260508.csv,data/raw/easybalanced/EASYBF_PCF_ZAR_20260508.csv,14dcef5d7bd60f8959dde4944d1f7b10629b25787d5c42acdc5ca89d11cef91d,2026-05-09T15:31:56Z
easybalanced,EASYBF,EasyETFs Balanced Actively Managed ETF,2026-05-08,BHP GROUP LTD,ZAR,2.46,https://easyetf-constituents.s3.us-west-2.amazonaws.com/EASYBF_PCF_ZAR_20260508.csv,data/raw/easybalanced/EASYBF_PCF_ZAR_20260508.csv,14dcef5d7bd60f8959dde4944d1f7b10629b25787d5c42acdc5ca89d11cef91d,2026-05-09T15:31:56Z
easybalanced,EASYBF,EasyETFs Balanced Actively Managed ETF,2026-05-08,ANGLOGOLD ASHANTI PLC,ZAR,2.05,https://easyetf-constituents.s3.us-west-2.amazonaws.com/EASYBF_PCF_ZAR_20260508.csv,data/raw/easybalanced/EASYBF_PCF_ZAR_20260508.csv,14dcef5d7bd60f8959dde4944d1f7b10629b25787d5c42acdc5ca89d11cef91d,2026-05-09T15:31:56Z
easybalanced,EASYBF,EasyETFs Balanced Actively Managed ETF,2026-05-08,Naspers Ltd - N Shares,ZAR,1.85,https://easyetf-constituents.s3.us-west-2.amazonaws.com/EASYBF_PCF_ZAR_20260508.csv,data/raw/easybalanced/EASYBF_PCF_ZAR_20260508.csv,14dcef5d7bd60f8959dde4944d1f7b10629b25787d5c42acdc5ca89d11cef91d,2026-05-09T15:31:56Z
easybalanced,EASYBF,EasyETFs Balanced Actively Managed ETF,2026-05-08,Sibanye Stillwater Ltd,ZAR,1.7,https://easyetf-constituents.s3.us-west-2.amazonaws.com/EASYBF_PCF_ZAR_20260508.csv,data/raw/easybalanced/EASYBF_PCF_ZAR_20260508.csv,14dcef5d7bd60f8959dde4944d1f7b10629b25787d5c42acdc5ca89d11cef91d,2026-05-09T15:31:56Z
easybalanced,EASYBF,EasyETFs Balanced Actively Managed ETF,2026-05-08,Gold Fields Ltd,ZAR,1.29,https://easyetf-constituents.s3.us-west-2.amazonaws.com/EASYBF_PCF_ZAR_20260508.csv,data/raw/easybalanced/EASYBF_PCF_ZAR_20260508.csv,14dcef5d7bd60f8959dde4944d1f7b10629b25787d5c42acdc5ca89d11cef91d,2026-05-09T15:31:56Z
easybalanced,EASYBF,EasyETFs Balanced Actively Managed ETF,2026-05-08,OPTASIA GROUP,ZAR,1.26,https://easyetf-constituents.s3.us-west-2.amazonaws.com/EASYBF_PCF_ZAR_20260508.csv,data/raw/easybalanced/EASYBF_PCF_ZAR_20260508.csv,14dcef5d7bd60f8959dde4944d1f7b10629b25787d5c42acdc5ca89d11cef91d,2026-05-09T15:31:56Z
easybalanced,EASYBF,EasyETFs Balanced Actively Managed ETF,2026-05-08,NORTHAM PLATINUM,ZAR,1.22,https://easyetf-constituents.s3.us-west-2.amazonaws.com/EASYBF_PCF_ZAR_20260508.csv,data/raw/easybalanced/EASYBF_PCF_ZAR_20260508.csv,14dcef5d7bd60f8959dde4944d1f7b10629b25787d5c42acdc5ca89d11cef91d,2026-05-09T15:31:56Z
easybalanced,EASYBF,EasyETFs Balanced Actively Managed ETF,2026-05-08,Vukile Property Fund Ltd,ZAR,1.2,https://easyetf-constituents.s3.us-west-2.amazonaws.com/EASYBF_PCF_ZAR_20260508.csv,data/raw/easybalanced/EASYBF_PCF_ZAR_20260508.csv,14dcef5d7bd60f8959dde4944d1f7b10629b25787d5c42acdc5ca89d11cef91d,2026-05-09T15:31:56Z
easybalanced,EASYBF,EasyETFs Balanced Actively Managed ETF,2026-05-08,Fortress Real Estate Investments Limited B,ZAR,1.18,https://easyetf-constituents.s3.us-west-2.amazonaws.com/EASYBF_PCF_ZAR_20260508.csv,data/raw/easybalanced/EASYBF_PCF_ZAR_20260508.csv,14dcef5d7bd60f8959dde4944d1f7b10629b25787d5c42acdc5ca89d11cef91d,2026-05-09T15:31:56Z
easybalanced,EASYBF,EasyETFs Balanced Actively Managed ETF,2026-05-08,Impala Platinum Holdings Ltd,ZAR,1.05,https://easyetf-constituents.s3.us-west-2.amazonaws.com/EASYBF_PCF_ZAR_20260508.csv,data/raw/easybalanced/EASYBF_PCF_ZAR_20260508.csv,14dcef5d7bd60f8959dde4944d1f7b10629b25787d5c42acdc5ca89d11cef91d,2026-05-09T15:31:56Z
easybalanced,EASYBF,EasyETFs Balanced Actively Managed ETF,2026-05-08,Lewis Group Ltd,ZAR,1.05,https://easyetf-constituents.s3.us-west-2.amazonaws.com/EASYBF_PCF_ZAR_20260508.csv,data/raw/easybalanced/EASYBF_PCF_ZAR_20260508.csv,14dcef5d7bd60f8959dde4944d1f7b10629b25787d5c42acdc5ca89d11cef91d,2026-05-09T15:31:56Z
easybalanced,EASYBF,EasyETFs Balanced Actively Managed ETF,2026-05-08,MTN Group Ltd,ZAR,1.04,https://easyetf-constituents.s3.us-west-2.amazonaws.com/EASYBF_PCF_ZAR_20260508.csv,data/raw/easybalanced/EASYBF_PCF_ZAR_20260508.csv,14dcef5d7bd60f8959dde4944d1f7b10629b25787d5c42acdc5ca89d11cef91d,2026-05-09T15:31:56Z
easybalanced,EASYBF,EasyETFs Balanced Actively Managed ETF,2026-05-08,SATRIX GOVI ETF,ZAR,0.7,https://easyetf-constituents.s3.us-west-2.amazonaws.com/EASYBF_PCF_ZAR_20260508.csv,data/raw/easybalanced/EASYBF_PCF_ZAR_20260508.csv,14dcef5d7bd60f8959dde4944d1f7b10629b25787d5c42acdc5ca89d11cef91d,2026-05-09T15:31:56Z
easybalanced,EASYBF,EasyETFs Balanced Actively Managed ETF,2026-05-08,NINETY ONE LTD,ZAR,0.69,https://easyetf-constituents.s3.us-west-2.amazonaws.com/EASYBF_PCF_ZAR_20260508.csv,data/raw/easybalanced/EASYBF_PCF_ZAR_20260508.csv,14dcef5d7bd60f8959dde4944d1f7b10629b25787d5c42acdc5ca89d11cef91d,2026-05-09T15:31:56Z
easybalanced,EASYBF,EasyETFs Balanced Actively Managed ETF,2026-05-08,NewPall ETF,ZAR,0.67,https://easyetf-constituents.s3.us-west-2.amazonaws.com/EASYBF_PCF_ZAR_20260508.csv,data/raw/easybalanced/EASYBF_PCF_ZAR_20260508.csv,14dcef5d7bd60f8959dde4944d1f7b10629b25787d5c42acdc5ca89d11cef91d,2026-05-09T15:31:56Z
easybalanced,EASYBF,EasyETFs Balanced Actively Managed ETF,2026-05-08,Purple Group Ltd,ZAR,0.66,https://easyetf-constituents.s3.us-west-2.amazonaws.com/EASYBF_PCF_ZAR_20260508.csv,data/raw/easybalanced/EASYBF_PCF_ZAR_20260508.csv,14dcef5d7bd60f8959dde4944d1f7b10629b25787d5c42acdc5ca89d11cef91d,2026-05-09T15:31:56Z
easybalanced,EASYBF,EasyETFs Balanced Actively Managed ETF,2026-05-08,Ninety One Plc,ZAR,0.59,https://easyetf-constituents.s3.us-west-2.amazonaws.com/EASYBF_PCF_ZAR_20260508.csv,data/raw/easybalanced/EASYBF_PCF_ZAR_20260508.csv,14dcef5d7bd60f8959dde4944d1f7b10629b25787d5c42acdc5ca89d11cef91d,2026-05-09T15:31:56Z
easybalanced,EASYBF,EasyETFs Balanced Actively Managed ETF,2026-05-08,Attacq Limited,ZAR,0.56,https://easyetf-constituents.s3.us-west-2.amazonaws.com/EASYBF_PCF_ZAR_20260508.csv,data/raw/easybalanced/EASYBF_PCF_ZAR_20260508.csv,14dcef5d7bd60f8959dde4944d1f7b10629b25787d5c42acdc5ca89d11cef91d,2026-05-09T15:31:56Z
easybalanced,EASYBF,EasyETFs Balanced Actively Managed ETF,2026-05-08,VALTERRA PLATINUM LIMITED,ZAR,0.44,https://easyetf-constituents.s3.us-west-2.amazonaws.com/EASYBF_PCF_ZAR_20260508.csv,data/raw/easybalanced/EASYBF_PCF_ZAR_20260508.csv,14dcef5d7bd60f8959dde4944d1f7b10629b25787d5c42acdc5ca89d11cef91d,2026-05-09T15:31:56Z
easybalanced,EASYBF,EasyETFs Balanced Actively Managed ETF,2026-05-08,SOUTHERN SUN LTD,ZAR,0.41,https://easyetf-constituents.s3.us-west-2.amazonaws.com/EASYBF_PCF_ZAR_20260508.csv,data/raw/easybalanced/EASYBF_PCF_ZAR_20260508.csv,14dcef5d7bd60f8959dde4944d1f7b10629b25787d5c42acdc5ca89d11cef91d,2026-05-09T15:31:56Z
easybalanced,EASYBF,EasyETFs Balanced Actively Managed ETF,2026-05-08,CELL C HOLDINGS LTD,ZAR,0.28,https://easyetf-constituents.s3.us-west-2.amazonaws.com/EASYBF_PCF_ZAR_20260508.csv,data/raw/easybalanced/EASYBF_PCF_ZAR_20260508.csv,14dcef5d7bd60f8959dde4944d1f7b10629b25787d5c42acdc5ca89d11cef91d,2026-05-09T15:31:56Z
easybalanced,EASYBF,EasyETFs Balanced Actively Managed ETF,2026-05-08,Vodacom Group Limited,ZAR,0.22,https://easyetf-constituents.s3.us-west-2.amazonaws.com/EASYBF_PCF_ZAR_20260508.csv,data/raw/easybalanced/EASYBF_PCF_ZAR_20260508.csv,14dcef5d7bd60f8959dde4944d1f7b10629b25787d5c42acdc5ca89d11cef91d,2026-05-09T15:31:56Z
easybalanced,EASYBF,EasyETFs Balanced Actively Managed ETF,2026-05-08,Growthpoint Properties Ltd,ZAR,0.17,https://easyetf-constituents.s3.us-west-2.amazonaws.com/EASYBF_PCF_ZAR_20260508.csv,data/raw/easybalanced/EASYBF_PCF_ZAR_20260508.csv,14dcef5d7bd60f8959dde4944d1f7b10629b25787d5c42acdc5ca89d11cef91d,2026-05-09T15:31:56Z
easybalanced,EASYBF,EasyETFs Balanced Actively Managed ETF,2026-05-11,EGE ACTIVELY MANAGED ETF,ZAR,21.6,https://easyetf-constituents.s3.us-west-2.amazonaws.com/EASYBF_PCF_ZAR_20260511.csv,data/raw/easybalanced/EASYBF_PCF_ZAR_20260511.csv,bd5c51e9e9047d9c4320c7acf5841e16cc165c467ded05e2703a62e5815d32e4,2026-05-11T08:36:46Z
easybalanced,EASYBF,EasyETFs Balanced Actively Managed ETF,2026-05-11,AI ACTIVELY MANAGED ETF,ZAR,21.4,https://easyetf-constituents.s3.us-west-2.amazonaws.com/EASYBF_PCF_ZAR_20260511.csv,data/raw/easybalanced/EASYBF_PCF_ZAR_20260511.csv,bd5c51e9e9047d9c4320c7acf5841e16cc165c467ded05e2703a62e5815d32e4,2026-05-11T08:36:46Z
easybalanced,EASYBF,EasyETFs Balanced Actively Managed ETF,2026-05-11,Satrix SA Bond Portfolio,ZAR,7.36,https://easyetf-constituents.s3.us-west-2.amazonaws.com/EASYBF_PCF_ZAR_20260511.csv,data/raw/easybalanced/EASYBF_PCF_ZAR_20260511.csv,bd5c51e9e9047d9c4320c7acf5841e16cc165c467ded05e2703a62e5815d32e4,2026-05-11T08:36:46Z
easybalanced,EASYBF,EasyETFs Balanced Actively Managed ETF,2026-05-11,INAV - ZAR.CASH,ZAR,6.17,https://easyetf-constituents.s3.us-west-2.amazonaws.com/EASYBF_PCF_ZAR_20260511.csv,data/raw/easybalanced/EASYBF_PCF_ZAR_20260511.csv,bd5c51e9e9047d9c4320c7acf5841e16cc165c467ded05e2703a62e5815d32e4,2026-05-11T08:36:46Z
easybalanced,EASYBF,EasyETFs Balanced Actively Managed ETF,2026-05-11,Pan African Resource,ZAR,4.8,https://easyetf-constituents.s3.us-west-2.amazonaws.com/EASYBF_PCF_ZAR_20260511.csv,data/raw/easybalanced/EASYBF_PCF_ZAR_20260511.csv,bd5c51e9e9047d9c4320c7acf5841e16cc165c467ded05e2703a62e5815d32e4,2026-05-11T08:36:46Z
easybalanced,EASYBF,EasyETFs Balanced Actively Managed ETF,2026-05-11,SATRIX NAS 100,ZAR,4.74,https://easyetf-constituents.s3.us-west-2.amazonaws.com/EASYBF_PCF_ZAR_20260511.csv,data/raw/easybalanced/EASYBF_PCF_ZAR_20260511.csv,bd5c51e9e9047d9c4320c7acf5841e16cc165c467ded05e2703a62e5815d32e4,2026-05-11T08:36:46Z
easybalanced,EASYBF,EasyETFs Balanced Actively Managed ETF,2026-05-11,Capitec Bank Holdings Ltd,ZAR,4.26,https://easyetf-constituents.s3.us-west-2.amazonaws.com/EASYBF_PCF_ZAR_20260511.csv,data/raw/easybalanced/EASYBF_PCF_ZAR_20260511.csv,bd5c51e9e9047d9c4320c7acf5841e16cc165c467ded05e2703a62e5815d32e4,2026-05-11T08:36:46Z
easybalanced,EASYBF,EasyETFs Balanced Actively Managed ETF,2026-05-11,New Gold Issuer Ltd,ZAR,3.44,https://easyetf-constituents.s3.us-west-2.amazonaws.com/EASYBF_PCF_ZAR_20260511.csv,data/raw/easybalanced/EASYBF_PCF_ZAR_20260511.csv,bd5c51e9e9047d9c4320c7acf5841e16cc165c467ded05e2703a62e5815d32e4,2026-05-11T08:36:46Z
easybalanced,EASYBF,EasyETFs Balanced Actively Managed ETF,2026-05-11,NewPlat ETF,ZAR,3.29,https://easyetf-constituents.s3.us-west-2.amazonaws.com/EASYBF_PCF_ZAR_20260511.csv,data/raw/easybalanced/EASYBF_PCF_ZAR_20260511.csv,bd5c51e9e9047d9c4320c7acf5841e16cc165c467ded05e2703a62e5815d32e4,2026-05-11T08:36:46Z
easybalanced,EASYBF,EasyETFs Balanced Actively Managed ETF,2026-05-11,BHP GROUP LTD,ZAR,2.48,https://easyetf-constituents.s3.us-west-2.amazonaws.com/EASYBF_PCF_ZAR_20260511.csv,data/raw/easybalanced/EASYBF_PCF_ZAR_20260511.csv,bd5c51e9e9047d9c4320c7acf5841e16cc165c467ded05e2703a62e5815d32e4,2026-05-11T08:36:46Z
easybalanced,EASYBF,EasyETFs Balanced Actively Managed ETF,2026-05-11,ANGLOGOLD ASHANTI PLC,ZAR,2.14,https://easyetf-constituents.s3.us-west-2.amazonaws.com/EASYBF_PCF_ZAR_20260511.csv,data/raw/easybalanced/EASYBF_PCF_ZAR_20260511.csv,bd5c51e9e9047d9c4320c7acf5841e16cc165c467ded05e2703a62e5815d32e4,2026-05-11T08:36:46Z
easybalanced,EASYBF,EasyETFs Balanced Actively Managed ETF,2026-05-11,Naspers Ltd - N Shares,ZAR,1.8,https://easyetf-constituents.s3.us-west-2.amazonaws.com/EASYBF_PCF_ZAR_20260511.csv,data/raw/easybalanced/EASYBF_PCF_ZAR_20260511.csv,bd5c51e9e9047d9c4320c7acf5841e16cc165c467ded05e2703a62e5815d32e4,2026-05-11T08:36:46Z
easybalanced,EASYBF,EasyETFs Balanced Actively Managed ETF,2026-05-11,Sibanye Stillwater Ltd,ZAR,1.67,https://easyetf-constituents.s3.us-west-2.amazonaws.com/EASYBF_PCF_ZAR_20260511.csv,data/raw/easybalanced/EASYBF_PCF_ZAR_20260511.csv,bd5c51e9e9047d9c4320c7acf5841e16cc165c467ded05e2703a62e5815d32e4,2026-05-11T08:36:46Z
easybalanced,EASYBF,EasyETFs Balanced Actively Managed ETF,2026-05-11,Gold Fields Ltd,ZAR,1.26,https://easyetf-constituents.s3.us-west-2.amazonaws.com/EASYBF_PCF_ZAR_20260511.csv,data/raw/easybalanced/EASYBF_PCF_ZAR_20260511.csv,bd5c51e9e9047d9c4320c7acf5841e16cc165c467ded05e2703a62e5815d32e4,2026-05-11T08:36:46Z
easybalanced,EASYBF,EasyETFs Balanced Actively Managed ETF,2026-05-11,NORTHAM PLATINUM,ZAR,1.21,https://easyetf-constituents.s3.us-west-2.amazonaws.com/EASYBF_PCF_ZAR_20260511.csv,data/raw/easybalanced/EASYBF_PCF_ZAR_20260511.csv,bd5c51e9e9047d9c4320c7acf5841e16cc165c467ded05e2703a62e5815d32e4,2026-05-11T08:36:46Z
easybalanced,EASYBF,EasyETFs Balanced Actively Managed ETF,2026-05-11,OPTASIA GROUP,ZAR,1.21,https://easyetf-constituents.s3.us-west-2.amazonaws.com/EASYBF_PCF_ZAR_20260511.csv,data/raw/easybalanced/EASYBF_PCF_ZAR_20260511.csv,bd5c51e9e9047d9c4320c7acf5841e16cc165c467ded05e2703a62e5815d32e4,2026-05-11T08:36:46Z
easybalanced,EASYBF,EasyETFs Balanced Actively Managed ETF,2026-05-11,Vukile Property Fund Ltd,ZAR,1.2,https://easyetf-constituents.s3.us-west-2.amazonaws.com/EASYBF_PCF_ZAR_20260511.csv,data/raw/easybalanced/EASYBF_PCF_ZAR_20260511.csv,bd5c51e9e9047d9c4320c7acf5841e16cc165c467ded05e2703a62e5815d32e4,2026-05-11T08:36:46Z
easybalanced,EASYBF,EasyETFs Balanced Actively Managed ETF,2026-05-11,Fortress Real Estate Investments Limited B,ZAR,1.19,https://easyetf-constituents.s3.us-west-2.amazonaws.com/EASYBF_PCF_ZAR_20260511.csv,data/raw/easybalanced/EASYBF_PCF_ZAR_20260511.csv,bd5c51e9e9047d9c4320c7acf5841e16cc165c467ded05e2703a62e5815d32e4,2026-05-11T08:36:46Z
easybalanced,EASYBF,EasyETFs Balanced Actively Managed ETF,2026-05-11,Lewis Group Ltd,ZAR,1.06,https://easyetf-constituents.s3.us-west-2.amazonaws.com/EASYBF_PCF_ZAR_20260511.csv,data/raw/easybalanced/EASYBF_PCF_ZAR_20260511.csv,bd5c51e9e9047d9c4320c7acf5841e16cc165c467ded05e2703a62e5815d32e4,2026-05-11T08:36:46Z
easybalanced,EASYBF,EasyETFs Balanced Actively Managed ETF,2026-05-11,Impala Platinum Holdings Ltd,ZAR,1.04,https://easyetf-constituents.s3.us-west-2.amazonaws.com/EASYBF_PCF_ZAR_20260511.csv,data/raw/easybalanced/EASYBF_PCF_ZAR_20260511.csv,bd5c51e9e9047d9c4320c7acf5841e16cc165c467ded05e2703a62e5815d32e4,2026-05-11T08:36:46Z
easybalanced,EASYBF,EasyETFs Balanced Actively Managed ETF,2026-05-11,MTN Group Ltd,ZAR,1.04,https://easyetf-constituents.s3.us-west-2.amazonaws.com/EASYBF_PCF_ZAR_20260511.csv,data/raw/easybalanced/EASYBF_PCF_ZAR_20260511.csv,bd5c51e9e9047d9c4320c7acf5841e16cc165c467ded05e2703a62e5815d32e4,2026-05-11T08:36:46Z
easybalanced,EASYBF,EasyETFs Balanced Actively Managed ETF,2026-05-11,SATRIX GOVI ETF,ZAR,0.7,https://easyetf-constituents.s3.us-west-2.amazonaws.com/EASYBF_PCF_ZAR_20260511.csv,data/raw/easybalanced/EASYBF_PCF_ZAR_20260511.csv,bd5c51e9e9047d9c4320c7acf5841e16cc165c467ded05e2703a62e5815d32e4,2026-05-11T08:36:46Z
easybalanced,EASYBF,EasyETFs Balanced Actively Managed ETF,2026-05-11,NINETY ONE LTD,ZAR,0.69,https://easyetf-constituents.s3.us-west-2.amazonaws.com/EASYBF_PCF_ZAR_20260511.csv,data/raw/easybalanced/EASYBF_PCF_ZAR_20260511.csv,bd5c51e9e9047d9c4320c7acf5841e16cc165c467ded05e2703a62e5815d32e4,2026-05-11T08:36:46Z
easybalanced,EASYBF,EasyETFs Balanced Actively Managed ETF,2026-05-11,NewPall ETF,ZAR,0.66,https://easyetf-constituents.s3.us-west-2.amazonaws.com/EASYBF_PCF_ZAR_20260511.csv,data/raw/easybalanced/EASYBF_PCF_ZAR_20260511.csv,bd5c51e9e9047d9c4320c7acf5841e16cc165c467ded05e2703a62e5815d32e4,2026-05-11T08:36:46Z
easybalanced,EASYBF,EasyETFs Balanced Actively Managed ETF,2026-05-11,Purple Group Ltd,ZAR,0.66,https://easyetf-constituents.s3.us-west-2.amazonaws.com/EASYBF_PCF_ZAR_20260511.csv,data/raw/easybalanced/EASYBF_PCF_ZAR_20260511.csv,bd5c51e9e9047d9c4320c7acf5841e16cc165c467ded05e2703a62e5815d32e4,2026-05-11T08:36:46Z
easybalanced,EASYBF,EasyETFs Balanced Actively Managed ETF,2026-05-11,Ninety One Plc,ZAR,0.59,https://easyetf-constituents.s3.us-west-2.amazonaws.com/EASYBF_PCF_ZAR_20260511.csv,data/raw/easybalanced/EASYBF_PCF_ZAR_20260511.csv,bd5c51e9e9047d9c4320c7acf5841e16cc165c467ded05e2703a62e5815d32e4,2026-05-11T08:36:46Z
easybalanced,EASYBF,EasyETFs Balanced Actively Managed ETF,2026-05-11,Attacq Limited,ZAR,0.56,https://easyetf-constituents.s3.us-west-2.amazonaws.com/EASYBF_PCF_ZAR_20260511.csv,data/raw/easybalanced/EASYBF_PCF_ZAR_20260511.csv,bd5c51e9e9047d9c4320c7acf5841e16cc165c467ded05e2703a62e5815d32e4,2026-05-11T08:36:46Z
easybalanced,EASYBF,EasyETFs Balanced Actively Managed ETF,2026-05-11,VALTERRA PLATINUM LIMITED,ZAR,0.43,https://easyetf-constituents.s3.us-west-2.amazonaws.com/EASYBF_PCF_ZAR_20260511.csv,data/raw/easybalanced/EASYBF_PCF_ZAR_20260511.csv,bd5c51e9e9047d9c4320c7acf5841e16cc165c467ded05e2703a62e5815d32e4,2026-05-11T08:36:46Z
easybalanced,EASYBF,EasyETFs Balanced Actively Managed ETF,2026-05-11,SOUTHERN SUN LTD,ZAR,0.4,https://easyetf-constituents.s3.us-west-2.amazonaws.com/EASYBF_PCF_ZAR_20260511.csv,data/raw/easybalanced/EASYBF_PCF_ZAR_20260511.csv,bd5c51e9e9047d9c4320c7acf5841e16cc165c467ded05e2703a62e5815d32e4,2026-05-11T08:36:46Z
easybalanced,EASYBF,EasyETFs Balanced Actively Managed ETF,2026-05-11,CELL C HOLDINGS LTD,ZAR,0.29,https://easyetf-constituents.s3.us-west-2.amazonaws.com/EASYBF_PCF_ZAR_20260511.csv,data/raw/easybalanced/EASYBF_PCF_ZAR_20260511.csv,bd5c51e9e9047d9c4320c7acf5841e16cc165c467ded05e2703a62e5815d32e4,2026-05-11T08:36:46Z
easybalanced,EASYBF,EasyETFs Balanced Actively Managed ETF,2026-05-11,Vodacom Group Limited,ZAR,0.22,https://easyetf-constituents.s3.us-west-2.amazonaws.com/EASYBF_PCF_ZAR_20260511.csv,data/raw/easybalanced/EASYBF_PCF_ZAR_20260511.csv,bd5c51e9e9047d9c4320c7acf5841e16cc165c467ded05e2703a62e5815d32e4,2026-05-11T08:36:46Z
easybalanced,EASYBF,EasyETFs Balanced Actively Managed ETF,2026-05-11,Growthpoint Properties Ltd,ZAR,0.18,https://easyetf-constituents.s3.us-west-2.amazonaws.com/EASYBF_PCF_ZAR_20260511.csv,data/raw/easybalanced/EASYBF_PCF_ZAR_20260511.csv,bd5c51e9e9047d9c4320c7acf5841e16cc165c467ded05e2703a62e5815d32e4,2026-05-11T08:36:46Z
easybalanced,EASYBF,EasyETFs Balanced Actively Managed ETF,2026-05-12,AI ACTIVELY MANAGED ETF,ZAR,21.9,https://easyetf-constituents.s3.us-west-2.amazonaws.com/EASYBF_PCF_ZAR_20260512.csv,data/raw/easybalanced/EASYBF_PCF_ZAR_20260512.csv,8a417b835412ba7674417d00a47eecae4c6d86c74b59342ec37a01b8aacd1b31,2026-05-12T07:43:30Z
easybalanced,EASYBF,EasyETFs Balanced Actively Managed ETF,2026-05-12,EGE ACTIVELY MANAGED ETF,ZAR,21.8,https://easyetf-constituents.s3.us-west-2.amazonaws.com/EASYBF_PCF_ZAR_20260512.csv,data/raw/easybalanced/EASYBF_PCF_ZAR_20260512.csv,8a417b835412ba7674417d00a47eecae4c6d86c74b59342ec37a01b8aacd1b31,2026-05-12T07:43:30Z
easybalanced,EASYBF,EasyETFs Balanced Actively Managed ETF,2026-05-12,Satrix SA Bond Portfolio,ZAR,7.26,https://easyetf-constituents.s3.us-west-2.amazonaws.com/EASYBF_PCF_ZAR_20260512.csv,data/raw/easybalanced/EASYBF_PCF_ZAR_20260512.csv,8a417b835412ba7674417d00a47eecae4c6d86c74b59342ec37a01b8aacd1b31,2026-05-12T07:43:30Z
easybalanced,EASYBF,EasyETFs Balanced Actively Managed ETF,2026-05-12,INAV - ZAR.CASH,ZAR,6.04,https://easyetf-constituents.s3.us-west-2.amazonaws.com/EASYBF_PCF_ZAR_20260512.csv,data/raw/easybalanced/EASYBF_PCF_ZAR_20260512.csv,8a417b835412ba7674417d00a47eecae4c6d86c74b59342ec37a01b8aacd1b31,2026-05-12T07:43:30Z
easybalanced,EASYBF,EasyETFs Balanced Actively Managed ETF,2026-05-12,Pan African Resource,ZAR,4.78,https://easyetf-constituents.s3.us-west-2.amazonaws.com/EASYBF_PCF_ZAR_20260512.csv,data/raw/easybalanced/EASYBF_PCF_ZAR_20260512.csv,8a417b835412ba7674417d00a47eecae4c6d86c74b59342ec37a01b8aacd1b31,2026-05-12T07:43:30Z
easybalanced,EASYBF,EasyETFs Balanced Actively Managed ETF,2026-05-12,SATRIX NAS 100,ZAR,4.66,https://easyetf-constituents.s3.us-west-2.amazonaws.com/EASYBF_PCF_ZAR_20260512.csv,data/raw/easybalanced/EASYBF_PCF_ZAR_20260512.csv,8a417b835412ba7674417d00a47eecae4c6d86c74b59342ec37a01b8aacd1b31,2026-05-12T07:43:30Z
easybalanced,EASYBF,EasyETFs Balanced Actively Managed ETF,2026-05-12,Capitec Bank Holdings Ltd,ZAR,4.16,https://easyetf-constituents.s3.us-west-2.amazonaws.com/EASYBF_PCF_ZAR_20260512.csv,data/raw/easybalanced/EASYBF_PCF_ZAR_20260512.csv,8a417b835412ba7674417d00a47eecae4c6d86c74b59342ec37a01b8aacd1b31,2026-05-12T07:43:30Z
easybalanced,EASYBF,EasyETFs Balanced Actively Managed ETF,2026-05-12,New Gold Issuer Ltd,ZAR,3.38,https://easyetf-constituents.s3.us-west-2.amazonaws.com/EASYBF_PCF_ZAR_20260512.csv,data/raw/easybalanced/EASYBF_PCF_ZAR_20260512.csv,8a417b835412ba7674417d00a47eecae4c6d86c74b59342ec37a01b8aacd1b31,2026-05-12T07:43:30Z
easybalanced,EASYBF,EasyETFs Balanced Actively Managed ETF,2026-05-12,NewPlat ETF,ZAR,3.34,https://easyetf-constituents.s3.us-west-2.amazonaws.com/EASYBF_PCF_ZAR_20260512.csv,data/raw/easybalanced/EASYBF_PCF_ZAR_20260512.csv,8a417b835412ba7674417d00a47eecae4c6d86c74b59342ec37a01b8aacd1b31,2026-05-12T07:43:30Z
easybalanced,EASYBF,EasyETFs Balanced Actively Managed ETF,2026-05-12,BHP GROUP LTD,ZAR,2.51,https://easyetf-constituents.s3.us-west-2.amazonaws.com/EASYBF_PCF_ZAR_20260512.csv,data/raw/easybalanced/EASYBF_PCF_ZAR_20260512.csv,8a417b835412ba7674417d00a47eecae4c6d86c74b59342ec37a01b8aacd1b31,2026-05-12T07:43:30Z
easybalanced,EASYBF,EasyETFs Balanced Actively Managed ETF,2026-05-12,ANGLOGOLD ASHANTI PLC,ZAR,2.16,https://easyetf-constituents.s3.us-west-2.amazonaws.com/EASYBF_PCF_ZAR_20260512.csv,data/raw/easybalanced/EASYBF_PCF_ZAR_20260512.csv,8a417b835412ba7674417d00a47eecae4c6d86c74b59342ec37a01b8aacd1b31,2026-05-12T07:43:30Z
easybalanced,EASYBF,EasyETFs Balanced Actively Managed ETF,2026-05-12,Naspers Ltd - N Shares,ZAR,1.76,https://easyetf-constituents.s3.us-west-2.amazonaws.com/EASYBF_PCF_ZAR_20260512.csv,data/raw/easybalanced/EASYBF_PCF_ZAR_20260512.csv,8a417b835412ba7674417d00a47eecae4c6d86c74b59342ec37a01b8aacd1b31,2026-05-12T07:43:30Z
easybalanced,EASYBF,EasyETFs Balanced Actively Managed ETF,2026-05-12,Sibanye Stillwater Ltd,ZAR,1.68,https://easyetf-constituents.s3.us-west-2.amazonaws.com/EASYBF_PCF_ZAR_20260512.csv,data/raw/easybalanced/EASYBF_PCF_ZAR_20260512.csv,8a417b835412ba7674417d00a47eecae4c6d86c74b59342ec37a01b8aacd1b31,2026-05-12T07:43:30Z
easybalanced,EASYBF,EasyETFs Balanced Actively Managed ETF,2026-05-12,Gold Fields Ltd,ZAR,1.26,https://easyetf-constituents.s3.us-west-2.amazonaws.com/EASYBF_PCF_ZAR_20260512.csv,data/raw/easybalanced/EASYBF_PCF_ZAR_20260512.csv,8a417b835412ba7674417d00a47eecae4c6d86c74b59342ec37a01b8aacd1b31,2026-05-12T07:43:30Z
easybalanced,EASYBF,EasyETFs Balanced Actively Managed ETF,2026-05-12,Vukile Property Fund Ltd,ZAR,1.19,https://easyetf-constituents.s3.us-west-2.amazonaws.com/EASYBF_PCF_ZAR_20260512.csv,data/raw/easybalanced/EASYBF_PCF_ZAR_20260512.csv,8a417b835412ba7674417d00a47eecae4c6d86c74b59342ec37a01b8aacd1b31,2026-05-12T07:43:30Z
easybalanced,EASYBF,EasyETFs Balanced Actively Managed ETF,2026-05-12,Fortress Real Estate Investments Limited B,ZAR,1.18,https://easyetf-constituents.s3.us-west-2.amazonaws.com/EASYBF_PCF_ZAR_20260512.csv,data/raw/easybalanced/EASYBF_PCF_ZAR_20260512.csv,8a417b835412ba7674417d00a47eecae4c6d86c74b59342ec37a01b8aacd1b31,2026-05-12T07:43:30Z
easybalanced,EASYBF,EasyETFs Balanced Actively Managed ETF,2026-05-12,NORTHAM PLATINUM,ZAR,1.18,https://easyetf-constituents.s3.us-west-2.amazonaws.com/EASYBF_PCF_ZAR_20260512.csv,data/raw/easybalanced/EASYBF_PCF_ZAR_20260512.csv,8a417b835412ba7674417d00a47eecae4c6d86c74b59342ec37a01b8aacd1b31,2026-05-12T07:43:30Z
easybalanced,EASYBF,EasyETFs Balanced Actively Managed ETF,2026-05-12,OPTASIA GROUP,ZAR,1.18,https://easyetf-constituents.s3.us-west-2.amazonaws.com/EASYBF_PCF_ZAR_20260512.csv,data/raw/easybalanced/EASYBF_PCF_ZAR_20260512.csv,8a417b835412ba7674417d00a47eecae4c6d86c74b59342ec37a01b8aacd1b31,2026-05-12T07:43:30Z
easybalanced,EASYBF,EasyETFs Balanced Actively Managed ETF,2026-05-12,MTN Group Ltd,ZAR,1.05,https://easyetf-constituents.s3.us-west-2.amazonaws.com/EASYBF_PCF_ZAR_20260512.csv,data/raw/easybalanced/EASYBF_PCF_ZAR_20260512.csv,8a417b835412ba7674417d00a47eecae4c6d86c74b59342ec37a01b8aacd1b31,2026-05-12T07:43:30Z
easybalanced,EASYBF,EasyETFs Balanced Actively Managed ETF,2026-05-12,Impala Platinum Holdings Ltd,ZAR,1.04,https://easyetf-constituents.s3.us-west-2.amazonaws.com/EASYBF_PCF_ZAR_20260512.csv,data/raw/easybalanced/EASYBF_PCF_ZAR_20260512.csv,8a417b835412ba7674417d00a47eecae4c6d86c74b59342ec37a01b8aacd1b31,2026-05-12T07:43:30Z
easybalanced,EASYBF,EasyETFs Balanced Actively Managed ETF,2026-05-12,Lewis Group Ltd,ZAR,1.02,https://easyetf-constituents.s3.us-west-2.amazonaws.com/EASYBF_PCF_ZAR_20260512.csv,data/raw/easybalanced/EASYBF_PCF_ZAR_20260512.csv,8a417b835412ba7674417d00a47eecae4c6d86c74b59342ec37a01b8aacd1b31,2026-05-12T07:43:30Z
easybalanced,EASYBF,EasyETFs Balanced Actively Managed ETF,2026-05-12,SATRIX GOVI ETF,ZAR,0.69,https://easyetf-constituents.s3.us-west-2.amazonaws.com/EASYBF_PCF_ZAR_20260512.csv,data/raw/easybalanced/EASYBF_PCF_ZAR_20260512.csv,8a417b835412ba7674417d00a47eecae4c6d86c74b59342ec37a01b8aacd1b31,2026-05-12T07:43:30Z
easybalanced,EASYBF,EasyETFs Balanced Actively Managed ETF,2026-05-12,NINETY ONE LTD,ZAR,0.67,https://easyetf-constituents.s3.us-west-2.amazonaws.com/EASYBF_PCF_ZAR_20260512.csv,data/raw/easybalanced/EASYBF_PCF_ZAR_20260512.csv,8a417b835412ba7674417d00a47eecae4c6d86c74b59342ec37a01b8aacd1b31,2026-05-12T07:43:30Z
easybalanced,EASYBF,EasyETFs Balanced Actively Managed ETF,2026-05-12,NewPall ETF,ZAR,0.66,https://easyetf-constituents.s3.us-west-2.amazonaws.com/EASYBF_PCF_ZAR_20260512.csv,data/raw/easybalanced/EASYBF_PCF_ZAR_20260512.csv,8a417b835412ba7674417d00a47eecae4c6d86c74b59342ec37a01b8aacd1b31,2026-05-12T07:43:30Z
easybalanced,EASYBF,EasyETFs Balanced Actively Managed ETF,2026-05-12,Purple Group Ltd,ZAR,0.65,https://easyetf-constituents.s3.us-west-2.amazonaws.com/EASYBF_PCF_ZAR_20260512.csv,data/raw/easybalanced/EASYBF_PCF_ZAR_20260512.csv,8a417b835412ba7674417d00a47eecae4c6d86c74b59342ec37a01b8aacd1b31,2026-05-12T07:43:30Z
easybalanced,EASYBF,EasyETFs Balanced Actively Managed ETF,2026-05-12,Ninety One Plc,ZAR,0.58,https://easyetf-constituents.s3.us-west-2.amazonaws.com/EASYBF_PCF_ZAR_20260512.csv,data/raw/easybalanced/EASYBF_PCF_ZAR_20260512.csv,8a417b835412ba7674417d00a47eecae4c6d86c74b59342ec37a01b8aacd1b31,2026-05-12T07:43:30Z
easybalanced,EASYBF,EasyETFs Balanced Actively Managed ETF,2026-05-12,Attacq Limited,ZAR,0.55,https://easyetf-constituents.s3.us-west-2.amazonaws.com/EASYBF_PCF_ZAR_20260512.csv,data/raw/easybalanced/EASYBF_PCF_ZAR_20260512.csv,8a417b835412ba7674417d00a47eecae4c6d86c74b59342ec37a01b8aacd1b31,2026-05-12T07:43:30Z
easybalanced,EASYBF,EasyETFs Balanced Actively Managed ETF,2026-05-12,VALTERRA PLATINUM LIMITED,ZAR,0.42,https://easyetf-constituents.s3.us-west-2.amazonaws.com/EASYBF_PCF_ZAR_20260512.csv,data/raw/easybalanced/EASYBF_PCF_ZAR_20260512.csv,8a417b835412ba7674417d00a47eecae4c6d86c74b59342ec37a01b8aacd1b31,2026-05-12T07:43:30Z
easybalanced,EASYBF,EasyETFs Balanced Actively Managed ETF,2026-05-12,SOUTHERN SUN LTD,ZAR,0.4,https://easyetf-constituents.s3.us-west-2.amazonaws.com/EASYBF_PCF_ZAR_20260512.csv,data/raw/easybalanced/EASYBF_PCF_ZAR_20260512.csv,8a417b835412ba7674417d00a47eecae4c6d86c74b59342ec37a01b8aacd1b31,2026-05-12T07:43:30Z
easybalanced,EASYBF,EasyETFs Balanced Actively Managed ETF,2026-05-12,CELL C HOLDINGS LTD,ZAR,0.28,https://easyetf-constituents.s3.us-west-2.amazonaws.com/EASYBF_PCF_ZAR_20260512.csv,data/raw/easybalanced/EASYBF_PCF_ZAR_20260512.csv,8a417b835412ba7674417d00a47eecae4c6d86c74b59342ec37a01b8aacd1b31,2026-05-12T07:43:30Z
easybalanced,EASYBF,EasyETFs Balanced Actively Managed ETF,2026-05-12,Vodacom Group Limited,ZAR,0.23,https://easyetf-constituents.s3.us-west-2.amazonaws.com/EASYBF_PCF_ZAR_20260512.csv,data/raw/easybalanced/EASYBF_PCF_ZAR_20260512.csv,8a417b835412ba7674417d00a47eecae4c6d86c74b59342ec37a01b8aacd1b31,2026-05-12T07:43:30Z
easybalanced,EASYBF,EasyETFs Balanced Actively Managed ETF,2026-05-12,Growthpoint Properties Ltd,ZAR,0.17,https://easyetf-constituents.s3.us-west-2.amazonaws.com/EASYBF_PCF_ZAR_20260512.csv,data/raw/easybalanced/EASYBF_PCF_ZAR_20260512.csv,8a417b835412ba7674417d00a47eecae4c6d86c74b59342ec37a01b8aacd1b31,2026-05-12T07:43:30Z
easyge,EASYGE,EasyETFs Global Equity Actively Managed ETF,2026-05-08,LUMENTUM HOL,USD,9.74,https://easyetf-constituents.s3.us-west-2.amazonaws.com/EASYGE_PCF_ZAR_20260508.csv,data/raw/easyge/EASYGE_PCF_ZAR_20260508.csv,603c90569e71df3ad7494e6ea1c607e4e6d062bd838084ba79a7bb1f13391cda,2026-05-09T15:31:51Z
easyge,EASYGE,EasyETFs Global Equity Actively Managed ETF,2026-05-08,COMFORT SYSTEMS,USD,7.18,https://easyetf-constituents.s3.us-west-2.amazonaws.com/EASYGE_PCF_ZAR_20260508.csv,data/raw/easyge/EASYGE_PCF_ZAR_20260508.csv,603c90569e71df3ad7494e6ea1c607e4e6d062bd838084ba79a7bb1f13391cda,2026-05-09T15:31:51Z
easyge,EASYGE,EasyETFs Global Equity Actively Managed ETF,2026-05-08,INAV - USD.CASH,USD,5.86,https://easyetf-constituents.s3.us-west-2.amazonaws.com/EASYGE_PCF_ZAR_20260508.csv,data/raw/easyge/EASYGE_PCF_ZAR_20260508.csv,603c90569e71df3ad7494e6ea1c607e4e6d062bd838084ba79a7bb1f13391cda,2026-05-09T15:31:51Z
easyge,EASYGE,EasyETFs Global Equity Actively Managed ETF,2026-05-08,BLOOM ENERGY C-A,USD,5.68,https://easyetf-constituents.s3.us-west-2.amazonaws.com/EASYGE_PCF_ZAR_20260508.csv,data/raw/easyge/EASYGE_PCF_ZAR_20260508.csv,603c90569e71df3ad7494e6ea1c607e4e6d062bd838084ba79a7bb1f13391cda,2026-05-09T15:31:51Z
easyge,EASYGE,EasyETFs Global Equity Actively Managed ETF,2026-05-08,NVIDIA CORP,USD,5.57,https://easyetf-constituents.s3.us-west-2.amazonaws.com/EASYGE_PCF_ZAR_20260508.csv,data/raw/easyge/EASYGE_PCF_ZAR_20260508.csv,603c90569e71df3ad7494e6ea1c607e4e6d062bd838084ba79a7bb1f13391cda,2026-05-09T15:31:51Z
easyge,EASYGE,EasyETFs Global Equity Actively Managed ETF,2026-05-08,FORMFACTOR INC,USD,5.53,https://easyetf-constituents.s3.us-west-2.amazonaws.com/EASYGE_PCF_ZAR_20260508.csv,data/raw/easyge/EASYGE_PCF_ZAR_20260508.csv,603c90569e71df3ad7494e6ea1c607e4e6d062bd838084ba79a7bb1f13391cda,2026-05-09T15:31:51Z
easyge,EASYGE,EasyETFs Global Equity Actively Managed ETF,2026-05-08,CIENA CORP,USD,5.35,https://easyetf-constituents.s3.us-west-2.amazonaws.com/EASYGE_PCF_ZAR_20260508.csv,data/raw/easyge/EASYGE_PCF_ZAR_20260508.csv,603c90569e71df3ad7494e6ea1c607e4e6d062bd838084ba79a7bb1f13391cda,2026-05-09T15:31:51Z
easyge,EASYGE,EasyETFs Global Equity Actively Managed ETF,2026-05-08,COHERENT CORP,USD,5.05,https://easyetf-constituents.s3.us-west-2.amazonaws.com/EASYGE_PCF_ZAR_20260508.csv,data/raw/easyge/EASYGE_PCF_ZAR_20260508.csv,603c90569e71df3ad7494e6ea1c607e4e6d062bd838084ba79a7bb1f13391cda,2026-05-09T15:31:51Z
easyge,EASYGE,EasyETFs Global Equity Actively Managed ETF,2026-05-08,ARGAN INC,USD,4.79,https://easyetf-constituents.s3.us-west-2.amazonaws.com/EASYGE_PCF_ZAR_20260508.csv,data/raw/easyge/EASYGE_PCF_ZAR_20260508.csv,603c90569e71df3ad7494e6ea1c607e4e6d062bd838084ba79a7bb1f13391cda,2026-05-09T15:31:51Z
easyge,EASYGE,EasyETFs Global Equity Actively Managed ETF,2026-05-08,MICRON TECH,USD,3.79,https://easyetf-constituents.s3.us-west-2.amazonaws.com/EASYGE_PCF_ZAR_20260508.csv,data/raw/easyge/EASYGE_PCF_ZAR_20260508.csv,603c90569e71df3ad7494e6ea1c607e4e6d062bd838084ba79a7bb1f13391cda,2026-05-09T15:31:51Z
easyge,EASYGE,EasyETFs Global Equity Actively Managed ETF,2026-05-08,ADV ENERGY INDS,USD,3.52,https://easyetf-constituents.s3.us-west-2.amazonaws.com/EASYGE_PCF_ZAR_20260508.csv,data/raw/easyge/EASYGE_PCF_ZAR_20260508.csv,603c90569e71df3ad7494e6ea1c607e4e6d062bd838084ba79a7bb1f13391cda,2026-05-09T15:31:51Z
easyge,EASYGE,EasyETFs Global Equity Actively Managed ETF,2026-05-08,VERTIV HOLDINGS,USD,3.44,https://easyetf-constituents.s3.us-west-2.amazonaws.com/EASYGE_PCF_ZAR_20260508.csv,data/raw/easyge/EASYGE_PCF_ZAR_20260508.csv,603c90569e71df3ad7494e6ea1c607e4e6d062bd838084ba79a7bb1f13391cda,2026-05-09T15:31:51Z
easyge,EASYGE,EasyETFs Global Equity Actively Managed ETF,2026-05-08,QUANTA SERVICES,USD,3.06,https://easyetf-constituents.s3.us-west-2.amazonaws.com/EASYGE_PCF_ZAR_20260508.csv,data/raw/easyge/EASYGE_PCF_ZAR_20260508.csv,603c90569e71df3ad7494e6ea1c607e4e6d062bd838084ba79a7bb1f13391cda,2026-05-09T15:31:51Z
easyge,EASYGE,EasyETFs Global Equity Actively Managed ETF,2026-05-08,CREDO TECHNOLOGY GROUP HOLDI,USD,2.78,https://easyetf-constituents.s3.us-west-2.amazonaws.com/EASYGE_PCF_ZAR_20260508.csv,data/raw/easyge/EASYGE_PCF_ZAR_20260508.csv,603c90569e71df3ad7494e6ea1c607e4e6d062bd838084ba79a7bb1f13391cda,2026-05-09T15:31:51Z
easyge,EASYGE,EasyETFs Global Equity Actively Managed ETF,2026-05-08,GRAHAM CORP,USD,2.66,https://easyetf-constituents.s3.us-west-2.amazonaws.com/EASYGE_PCF_ZAR_20260508.csv,data/raw/easyge/EASYGE_PCF_ZAR_20260508.csv,603c90569e71df3ad7494e6ea1c607e4e6d062bd838084ba79a7bb1f13391cda,2026-05-09T15:31:51Z
easyge,EASYGE,EasyETFs Global Equity Actively Managed ETF,2026-05-08,CAMECO CORP,USD,2.15,https://easyetf-constituents.s3.us-west-2.amazonaws.com/EASYGE_PCF_ZAR_20260508.csv,data/raw/easyge/EASYGE_PCF_ZAR_20260508.csv,603c90569e71df3ad7494e6ea1c607e4e6d062bd838084ba79a7bb1f13391cda,2026-05-09T15:31:51Z
easyge,EASYGE,EasyETFs Global Equity Actively Managed ETF,2026-05-08,GE VERNOVA LLC,USD,2.12,https://easyetf-constituents.s3.us-west-2.amazonaws.com/EASYGE_PCF_ZAR_20260508.csv,data/raw/easyge/EASYGE_PCF_ZAR_20260508.csv,603c90569e71df3ad7494e6ea1c607e4e6d062bd838084ba79a7bb1f13391cda,2026-05-09T15:31:51Z
easyge,EASYGE,EasyETFs Global Equity Actively Managed ETF,2026-05-08,META PLATFORMS-A,USD,2.04,https://easyetf-constituents.s3.us-west-2.amazonaws.com/EASYGE_PCF_ZAR_20260508.csv,data/raw/easyge/EASYGE_PCF_ZAR_20260508.csv,603c90569e71df3ad7494e6ea1c607e4e6d062bd838084ba79a7bb1f13391cda,2026-05-09T15:31:51Z
easyge,EASYGE,EasyETFs Global Equity Actively Managed ETF,2026-05-08,NEBIUS GROUP NV,USD,1.93,https://easyetf-constituents.s3.us-west-2.amazonaws.com/EASYGE_PCF_ZAR_20260508.csv,data/raw/easyge/EASYGE_PCF_ZAR_20260508.csv,603c90569e71df3ad7494e6ea1c607e4e6d062bd838084ba79a7bb1f13391cda,2026-05-09T15:31:51Z
easyge,EASYGE,EasyETFs Global Equity Actively Managed ETF,2026-05-08,ELBIT SYSTEMS,USD,1.92,https://easyetf-constituents.s3.us-west-2.amazonaws.com/EASYGE_PCF_ZAR_20260508.csv,data/raw/easyge/EASYGE_PCF_ZAR_20260508.csv,603c90569e71df3ad7494e6ea1c607e4e6d062bd838084ba79a7bb1f13391cda,2026-05-09T15:31:51Z
easyge,EASYGE,EasyETFs Global Equity Actively Managed ETF,2026-05-08,NLIGHT INC,USD,1.84,https://easyetf-constituents.s3.us-west-2.amazonaws.com/EASYGE_PCF_ZAR_20260508.csv,data/raw/easyge/EASYGE_PCF_ZAR_20260508.csv,603c90569e71df3ad7494e6ea1c607e4e6d062bd838084ba79a7bb1f13391cda,2026-05-09T15:31:51Z
easyge,EASYGE,EasyETFs Global Equity Actively Managed ETF,2026-05-08,GENERAL ELECTRIC,USD,1.82,https://easyetf-constituents.s3.us-west-2.amazonaws.com/EASYGE_PCF_ZAR_20260508.csv,data/raw/easyge/EASYGE_PCF_ZAR_20260508.csv,603c90569e71df3ad7494e6ea1c607e4e6d062bd838084ba79a7bb1f13391cda,2026-05-09T15:31:51Z
easyge,EASYGE,EasyETFs Global Equity Actively Managed ETF,2026-05-08,CARPENTER TECH,USD,1.7,https://easyetf-constituents.s3.us-west-2.amazonaws.com/EASYGE_PCF_ZAR_20260508.csv,data/raw/easyge/EASYGE_PCF_ZAR_20260508.csv,603c90569e71df3ad7494e6ea1c607e4e6d062bd838084ba79a7bb1f13391cda,2026-05-09T15:31:51Z
easyge,EASYGE,EasyETFs Global Equity Actively Managed ETF,2026-05-08,ALLEGHENY TECH,USD,1.69,https://easyetf-constituents.s3.us-west-2.amazonaws.com/EASYGE_PCF_ZAR_20260508.csv,data/raw/easyge/EASYGE_PCF_ZAR_20260508.csv,603c90569e71df3ad7494e6ea1c607e4e6d062bd838084ba79a7bb1f13391cda,2026-05-09T15:31:51Z
easyge,EASYGE,EasyETFs Global Equity Actively Managed ETF,2026-05-08,Howmet Aerospace Inc,USD,1.59,https://easyetf-constituents.s3.us-west-2.amazonaws.com/EASYGE_PCF_ZAR_20260508.csv,data/raw/easyge/EASYGE_PCF_ZAR_20260508.csv,603c90569e71df3ad7494e6ea1c607e4e6d062bd838084ba79a7bb1f13391cda,2026-05-09T15:31:51Z
easyge,EASYGE,EasyETFs Global Equity Actively Managed ETF,2026-05-08,APPLOVIN CO-CL A,USD,1.29,https://easyetf-constituents.s3.us-west-2.amazonaws.com/EASYGE_PCF_ZAR_20260508.csv,data/raw/easyge/EASYGE_PCF_ZAR_20260508.csv,603c90569e71df3ad7494e6ea1c607e4e6d062bd838084ba79a7bb1f13391cda,2026-05-09T15:31:51Z
easyge,EASYGE,EasyETFs Global Equity Actively Managed ETF,2026-05-08,INTERACTIVE BROK,USD,1.22,https://easyetf-constituents.s3.us-west-2.amazonaws.com/EASYGE_PCF_ZAR_20260508.csv,data/raw/easyge/EASYGE_PCF_ZAR_20260508.csv,603c90569e71df3ad7494e6ea1c607e4e6d062bd838084ba79a7bb1f13391cda,2026-05-09T15:31:51Z
easyge,EASYGE,EasyETFs Global Equity Actively Managed ETF,2026-05-08,KARMAN HOLDINGS INC,USD,1.1,https://easyetf-constituents.s3.us-west-2.amazonaws.com/EASYGE_PCF_ZAR_20260508.csv,data/raw/easyge/EASYGE_PCF_ZAR_20260508.csv,603c90569e71df3ad7494e6ea1c607e4e6d062bd838084ba79a7bb1f13391cda,2026-05-09T15:31:51Z
easyge,EASYGE,EasyETFs Global Equity Actively Managed ETF,2026-05-08,ROBINHOOD MARK-A,USD,0.88,https://easyetf-constituents.s3.us-west-2.amazonaws.com/EASYGE_PCF_ZAR_20260508.csv,data/raw/easyge/EASYGE_PCF_ZAR_20260508.csv,603c90569e71df3ad7494e6ea1c607e4e6d062bd838084ba79a7bb1f13391cda,2026-05-09T15:31:51Z
easyge,EASYGE,EasyETFs Global Equity Actively Managed ETF,2026-05-08,BWX TECHNOLOGIES,USD,0.88,https://easyetf-constituents.s3.us-west-2.amazonaws.com/EASYGE_PCF_ZAR_20260508.csv,data/raw/easyge/EASYGE_PCF_ZAR_20260508.csv,603c90569e71df3ad7494e6ea1c607e4e6d062bd838084ba79a7bb1f13391cda,2026-05-09T15:31:51Z
easyge,EASYGE,EasyETFs Global Equity Actively Managed ETF,2026-05-08,KRATOS DEFENSE &,USD,0.59,https://easyetf-constituents.s3.us-west-2.amazonaws.com/EASYGE_PCF_ZAR_20260508.csv,data/raw/easyge/EASYGE_PCF_ZAR_20260508.csv,603c90569e71df3ad7494e6ea1c607e4e6d062bd838084ba79a7bb1f13391cda,2026-05-09T15:31:51Z
easyge,EASYGE,EasyETFs Global Equity Actively Managed ETF,2026-05-08,KRAKEN ROBOTICS INC,USD,0.55,https://easyetf-constituents.s3.us-west-2.amazonaws.com/EASYGE_PCF_ZAR_20260508.csv,data/raw/easyge/EASYGE_PCF_ZAR_20260508.csv,603c90569e71df3ad7494e6ea1c607e4e6d062bd838084ba79a7bb1f13391cda,2026-05-09T15:31:51Z
easyge,EASYGE,EasyETFs Global Equity Actively Managed ETF,2026-05-08,INAV - ZAR.CASH,ZAR,0.51,https://easyetf-constituents.s3.us-west-2.amazonaws.com/EASYGE_PCF_ZAR_20260508.csv,data/raw/easyge/EASYGE_PCF_ZAR_20260508.csv,603c90569e71df3ad7494e6ea1c607e4e6d062bd838084ba79a7bb1f13391cda,2026-05-09T15:31:51Z
easyge,EASYGE,EasyETFs Global Equity Actively Managed ETF,2026-05-11,LUMENTUM HOL,USD,9.75,https://easyetf-constituents.s3.us-west-2.amazonaws.com/EASYGE_PCF_ZAR_20260511.csv,data/raw/easyge/EASYGE_PCF_ZAR_20260511.csv,a4517efaf467465ea18d59bb8128d34c408fe3bc07b1ac52b47e69898010744d,2026-05-11T08:36:45Z
easyge,EASYGE,EasyETFs Global Equity Actively Managed ETF,2026-05-11,COMFORT SYSTEMS,USD,7.14,https://easyetf-constituents.s3.us-west-2.amazonaws.com/EASYGE_PCF_ZAR_20260511.csv,data/raw/easyge/EASYGE_PCF_ZAR_20260511.csv,a4517efaf467465ea18d59bb8128d34c408fe3bc07b1ac52b47e69898010744d,2026-05-11T08:36:45Z
easyge,EASYGE,EasyETFs Global Equity Actively Managed ETF,2026-05-11,INAV - USD.CASH,USD,5.79,https://easyetf-constituents.s3.us-west-2.amazonaws.com/EASYGE_PCF_ZAR_20260511.csv,data/raw/easyge/EASYGE_PCF_ZAR_20260511.csv,a4517efaf467465ea18d59bb8128d34c408fe3bc07b1ac52b47e69898010744d,2026-05-11T08:36:45Z
easyge,EASYGE,EasyETFs Global Equity Actively Managed ETF,2026-05-11,BLOOM ENERGY C-A,USD,5.67,https://easyetf-constituents.s3.us-west-2.amazonaws.com/EASYGE_PCF_ZAR_20260511.csv,data/raw/easyge/EASYGE_PCF_ZAR_20260511.csv,a4517efaf467465ea18d59bb8128d34c408fe3bc07b1ac52b47e69898010744d,2026-05-11T08:36:45Z
easyge,EASYGE,EasyETFs Global Equity Actively Managed ETF,2026-05-11,NVIDIA CORP,USD,5.6,https://easyetf-constituents.s3.us-west-2.amazonaws.com/EASYGE_PCF_ZAR_20260511.csv,data/raw/easyge/EASYGE_PCF_ZAR_20260511.csv,a4517efaf467465ea18d59bb8128d34c408fe3bc07b1ac52b47e69898010744d,2026-05-11T08:36:45Z
easyge,EASYGE,EasyETFs Global Equity Actively Managed ETF,2026-05-11,FORMFACTOR INC,USD,5.58,https://easyetf-constituents.s3.us-west-2.amazonaws.com/EASYGE_PCF_ZAR_20260511.csv,data/raw/easyge/EASYGE_PCF_ZAR_20260511.csv,a4517efaf467465ea18d59bb8128d34c408fe3bc07b1ac52b47e69898010744d,2026-05-11T08:36:45Z
easyge,EASYGE,EasyETFs Global Equity Actively Managed ETF,2026-05-11,CIENA CORP,USD,5.38,https://easyetf-constituents.s3.us-west-2.amazonaws.com/EASYGE_PCF_ZAR_20260511.csv,data/raw/easyge/EASYGE_PCF_ZAR_20260511.csv,a4517efaf467465ea18d59bb8128d34c408fe3bc07b1ac52b47e69898010744d,2026-05-11T08:36:45Z
easyge,EASYGE,EasyETFs Global Equity Actively Managed ETF,2026-05-11,COHERENT CORP,USD,5.25,https://easyetf-constituents.s3.us-west-2.amazonaws.com/EASYGE_PCF_ZAR_20260511.csv,data/raw/easyge/EASYGE_PCF_ZAR_20260511.csv,a4517efaf467465ea18d59bb8128d34c408fe3bc07b1ac52b47e69898010744d,2026-05-11T08:36:45Z
easyge,EASYGE,EasyETFs Global Equity Actively Managed ETF,2026-05-11,ARGAN INC,USD,4.67,https://easyetf-constituents.s3.us-west-2.amazonaws.com/EASYGE_PCF_ZAR_20260511.csv,data/raw/easyge/EASYGE_PCF_ZAR_20260511.csv,a4517efaf467465ea18d59bb8128d34c408fe3bc07b1ac52b47e69898010744d,2026-05-11T08:36:45Z
easyge,EASYGE,EasyETFs Global Equity Actively Managed ETF,2026-05-11,MICRON TECH,USD,4.32,https://easyetf-constituents.s3.us-west-2.amazonaws.com/EASYGE_PCF_ZAR_20260511.csv,data/raw/easyge/EASYGE_PCF_ZAR_20260511.csv,a4517efaf467465ea18d59bb8128d34c408fe3bc07b1ac52b47e69898010744d,2026-05-11T08:36:45Z
easyge,EASYGE,EasyETFs Global Equity Actively Managed ETF,2026-05-11,ADV ENERGY INDS,USD,3.53,https://easyetf-constituents.s3.us-west-2.amazonaws.com/EASYGE_PCF_ZAR_20260511.csv,data/raw/easyge/EASYGE_PCF_ZAR_20260511.csv,a4517efaf467465ea18d59bb8128d34c408fe3bc07b1ac52b47e69898010744d,2026-05-11T08:36:45Z
easyge,EASYGE,EasyETFs Global Equity Actively Managed ETF,2026-05-11,VERTIV HOLDINGS,USD,3.4,https://easyetf-constituents.s3.us-west-2.amazonaws.com/EASYGE_PCF_ZAR_20260511.csv,data/raw/easyge/EASYGE_PCF_ZAR_20260511.csv,a4517efaf467465ea18d59bb8128d34c408fe3bc07b1ac52b47e69898010744d,2026-05-11T08:36:45Z
easyge,EASYGE,EasyETFs Global Equity Actively Managed ETF,2026-05-11,QUANTA SERVICES,USD,3.0,https://easyetf-constituents.s3.us-west-2.amazonaws.com/EASYGE_PCF_ZAR_20260511.csv,data/raw/easyge/EASYGE_PCF_ZAR_20260511.csv,a4517efaf467465ea18d59bb8128d34c408fe3bc07b1ac52b47e69898010744d,2026-05-11T08:36:45Z
easyge,EASYGE,EasyETFs Global Equity Actively Managed ETF,2026-05-11,CREDO TECHNOLOGY GROUP HOLDI,USD,2.75,https://easyetf-constituents.s3.us-west-2.amazonaws.com/EASYGE_PCF_ZAR_20260511.csv,data/raw/easyge/EASYGE_PCF_ZAR_20260511.csv,a4517efaf467465ea18d59bb8128d34c408fe3bc07b1ac52b47e69898010744d,2026-05-11T08:36:45Z
easyge,EASYGE,EasyETFs Global Equity Actively Managed ETF,2026-05-11,GRAHAM CORP,USD,2.66,https://easyetf-constituents.s3.us-west-2.amazonaws.com/EASYGE_PCF_ZAR_20260511.csv,data/raw/easyge/EASYGE_PCF_ZAR_20260511.csv,a4517efaf467465ea18d59bb8128d34c408fe3bc07b1ac52b47e69898010744d,2026-05-11T08:36:45Z
easyge,EASYGE,EasyETFs Global Equity Actively Managed ETF,2026-05-11,CAMECO CORP,USD,2.09,https://easyetf-constituents.s3.us-west-2.amazonaws.com/EASYGE_PCF_ZAR_20260511.csv,data/raw/easyge/EASYGE_PCF_ZAR_20260511.csv,a4517efaf467465ea18d59bb8128d34c408fe3bc07b1ac52b47e69898010744d,2026-05-11T08:36:45Z
easyge,EASYGE,EasyETFs Global Equity Actively Managed ETF,2026-05-11,GE VERNOVA LLC,USD,2.09,https://easyetf-constituents.s3.us-west-2.amazonaws.com/EASYGE_PCF_ZAR_20260511.csv,data/raw/easyge/EASYGE_PCF_ZAR_20260511.csv,a4517efaf467465ea18d59bb8128d34c408fe3bc07b1ac52b47e69898010744d,2026-05-11T08:36:45Z
easyge,EASYGE,EasyETFs Global Equity Actively Managed ETF,2026-05-11,NLIGHT INC,USD,2.03,https://easyetf-constituents.s3.us-west-2.amazonaws.com/EASYGE_PCF_ZAR_20260511.csv,data/raw/easyge/EASYGE_PCF_ZAR_20260511.csv,a4517efaf467465ea18d59bb8128d34c408fe3bc07b1ac52b47e69898010744d,2026-05-11T08:36:45Z
easyge,EASYGE,EasyETFs Global Equity Actively Managed ETF,2026-05-11,META PLATFORMS-A,USD,2.0,https://easyetf-constituents.s3.us-west-2.amazonaws.com/EASYGE_PCF_ZAR_20260511.csv,data/raw/easyge/EASYGE_PCF_ZAR_20260511.csv,a4517efaf467465ea18d59bb8128d34c408fe3bc07b1ac52b47e69898010744d,2026-05-11T08:36:45Z
easyge,EASYGE,EasyETFs Global Equity Actively Managed ETF,2026-05-11,ELBIT SYSTEMS,USD,1.87,https://easyetf-constituents.s3.us-west-2.amazonaws.com/EASYGE_PCF_ZAR_20260511.csv,data/raw/easyge/EASYGE_PCF_ZAR_20260511.csv,a4517efaf467465ea18d59bb8128d34c408fe3bc07b1ac52b47e69898010744d,2026-05-11T08:36:45Z
easyge,EASYGE,EasyETFs Global Equity Actively Managed ETF,2026-05-11,NEBIUS GROUP NV,USD,1.83,https://easyetf-constituents.s3.us-west-2.amazonaws.com/EASYGE_PCF_ZAR_20260511.csv,data/raw/easyge/EASYGE_PCF_ZAR_20260511.csv,a4517efaf467465ea18d59bb8128d34c408fe3bc07b1ac52b47e69898010744d,2026-05-11T08:36:45Z
easyge,EASYGE,EasyETFs Global Equity Actively Managed ETF,2026-05-11,GENERAL ELECTRIC,USD,1.77,https://easyetf-constituents.s3.us-west-2.amazonaws.com/EASYGE_PCF_ZAR_20260511.csv,data/raw/easyge/EASYGE_PCF_ZAR_20260511.csv,a4517efaf467465ea18d59bb8128d34c408fe3bc07b1ac52b47e69898010744d,2026-05-11T08:36:45Z
easyge,EASYGE,EasyETFs Global Equity Actively Managed ETF,2026-05-11,ALLEGHENY TECH,USD,1.63,https://easyetf-constituents.s3.us-west-2.amazonaws.com/EASYGE_PCF_ZAR_20260511.csv,data/raw/easyge/EASYGE_PCF_ZAR_20260511.csv,a4517efaf467465ea18d59bb8128d34c408fe3bc07b1ac52b47e69898010744d,2026-05-11T08:36:45Z
easyge,EASYGE,EasyETFs Global Equity Actively Managed ETF,2026-05-11,CARPENTER TECH,USD,1.62,https://easyetf-constituents.s3.us-west-2.amazonaws.com/EASYGE_PCF_ZAR_20260511.csv,data/raw/easyge/EASYGE_PCF_ZAR_20260511.csv,a4517efaf467465ea18d59bb8128d34c408fe3bc07b1ac52b47e69898010744d,2026-05-11T08:36:45Z
easyge,EASYGE,EasyETFs Global Equity Actively Managed ETF,2026-05-11,Howmet Aerospace Inc,USD,1.56,https://easyetf-constituents.s3.us-west-2.amazonaws.com/EASYGE_PCF_ZAR_20260511.csv,data/raw/easyge/EASYGE_PCF_ZAR_20260511.csv,a4517efaf467465ea18d59bb8128d34c408fe3bc07b1ac52b47e69898010744d,2026-05-11T08:36:45Z
easyge,EASYGE,EasyETFs Global Equity Actively Managed ETF,2026-05-11,INTERACTIVE BROK,USD,1.21,https://easyetf-constituents.s3.us-west-2.amazonaws.com/EASYGE_PCF_ZAR_20260511.csv,data/raw/easyge/EASYGE_PCF_ZAR_20260511.csv,a4517efaf467465ea18d59bb8128d34c408fe3bc07b1ac52b47e69898010744d,2026-05-11T08:36:45Z
easyge,EASYGE,EasyETFs Global Equity Actively Managed ETF,2026-05-11,APPLOVIN CO-CL A,USD,1.19,https://easyetf-constituents.s3.us-west-2.amazonaws.com/EASYGE_PCF_ZAR_20260511.csv,data/raw/easyge/EASYGE_PCF_ZAR_20260511.csv,a4517efaf467465ea18d59bb8128d34c408fe3bc07b1ac52b47e69898010744d,2026-05-11T08:36:45Z
easyge,EASYGE,EasyETFs Global Equity Actively Managed ETF,2026-05-11,KARMAN HOLDINGS INC,USD,1.1,https://easyetf-constituents.s3.us-west-2.amazonaws.com/EASYGE_PCF_ZAR_20260511.csv,data/raw/easyge/EASYGE_PCF_ZAR_20260511.csv,a4517efaf467465ea18d59bb8128d34c408fe3bc07b1ac52b47e69898010744d,2026-05-11T08:36:45Z
easyge,EASYGE,EasyETFs Global Equity Actively Managed ETF,2026-05-11,ROBINHOOD MARK-A,USD,0.88,https://easyetf-constituents.s3.us-west-2.amazonaws.com/EASYGE_PCF_ZAR_20260511.csv,data/raw/easyge/EASYGE_PCF_ZAR_20260511.csv,a4517efaf467465ea18d59bb8128d34c408fe3bc07b1ac52b47e69898010744d,2026-05-11T08:36:45Z
easyge,EASYGE,EasyETFs Global Equity Actively Managed ETF,2026-05-11,BWX TECHNOLOGIES,USD,0.85,https://easyetf-constituents.s3.us-west-2.amazonaws.com/EASYGE_PCF_ZAR_20260511.csv,data/raw/easyge/EASYGE_PCF_ZAR_20260511.csv,a4517efaf467465ea18d59bb8128d34c408fe3bc07b1ac52b47e69898010744d,2026-05-11T08:36:45Z
easyge,EASYGE,EasyETFs Global Equity Actively Managed ETF,2026-05-11,KRATOS DEFENSE &,USD,0.6,https://easyetf-constituents.s3.us-west-2.amazonaws.com/EASYGE_PCF_ZAR_20260511.csv,data/raw/easyge/EASYGE_PCF_ZAR_20260511.csv,a4517efaf467465ea18d59bb8128d34c408fe3bc07b1ac52b47e69898010744d,2026-05-11T08:36:45Z
easyge,EASYGE,EasyETFs Global Equity Actively Managed ETF,2026-05-11,KRAKEN ROBOTICS INC,USD,0.53,https://easyetf-constituents.s3.us-west-2.amazonaws.com/EASYGE_PCF_ZAR_20260511.csv,data/raw/easyge/EASYGE_PCF_ZAR_20260511.csv,a4517efaf467465ea18d59bb8128d34c408fe3bc07b1ac52b47e69898010744d,2026-05-11T08:36:45Z
easyge,EASYGE,EasyETFs Global Equity Actively Managed ETF,2026-05-11,INAV - ZAR.CASH,ZAR,0.5,https://easyetf-constituents.s3.us-west-2.amazonaws.com/EASYGE_PCF_ZAR_20260511.csv,data/raw/easyge/EASYGE_PCF_ZAR_20260511.csv,a4517efaf467465ea18d59bb8128d34c408fe3bc07b1ac52b47e69898010744d,2026-05-11T08:36:45Z
easyge,EASYGE,EasyETFs Global Equity Actively Managed ETF,2026-05-12,LUMENTUM HOL,USD,10.7,https://easyetf-constituents.s3.us-west-2.amazonaws.com/EASYGE_PCF_ZAR_20260512.csv,data/raw/easyge/EASYGE_PCF_ZAR_20260512.csv,c5dd69dd3bf3c544d1d5fe706efbf32f0690749913f2c80e6c389e384096975b,2026-05-12T07:43:29Z
easyge,EASYGE,EasyETFs Global Equity Actively Managed ETF,2026-05-12,COMFORT SYSTEMS,USD,7.06,https://easyetf-constituents.s3.us-west-2.amazonaws.com/EASYGE_PCF_ZAR_20260512.csv,data/raw/easyge/EASYGE_PCF_ZAR_20260512.csv,c5dd69dd3bf3c544d1d5fe706efbf32f0690749913f2c80e6c389e384096975b,2026-05-12T07:43:29Z
easyge,EASYGE,EasyETFs Global Equity Actively Managed ETF,2026-05-12,BLOOM ENERGY C-A,USD,5.85,https://easyetf-constituents.s3.us-west-2.amazonaws.com/EASYGE_PCF_ZAR_20260512.csv,data/raw/easyge/EASYGE_PCF_ZAR_20260512.csv,c5dd69dd3bf3c544d1d5fe706efbf32f0690749913f2c80e6c389e384096975b,2026-05-12T07:43:29Z
easyge,EASYGE,EasyETFs Global Equity Actively Managed ETF,2026-05-12,COHERENT CORP,USD,5.64,https://easyetf-constituents.s3.us-west-2.amazonaws.com/EASYGE_PCF_ZAR_20260512.csv,data/raw/easyge/EASYGE_PCF_ZAR_20260512.csv,c5dd69dd3bf3c544d1d5fe706efbf32f0690749913f2c80e6c389e384096975b,2026-05-12T07:43:29Z
easyge,EASYGE,EasyETFs Global Equity Actively Managed ETF,2026-05-12,INAV - USD.CASH,USD,5.5,https://easyetf-constituents.s3.us-west-2.amazonaws.com/EASYGE_PCF_ZAR_20260512.csv,data/raw/easyge/EASYGE_PCF_ZAR_20260512.csv,c5dd69dd3bf3c544d1d5fe706efbf32f0690749913f2c80e6c389e384096975b,2026-05-12T07:43:29Z
easyge,EASYGE,EasyETFs Global Equity Actively Managed ETF,2026-05-12,NVIDIA CORP,USD,5.43,https://easyetf-constituents.s3.us-west-2.amazonaws.com/EASYGE_PCF_ZAR_20260512.csv,data/raw/easyge/EASYGE_PCF_ZAR_20260512.csv,c5dd69dd3bf3c544d1d5fe706efbf32f0690749913f2c80e6c389e384096975b,2026-05-12T07:43:29Z
easyge,EASYGE,EasyETFs Global Equity Actively Managed ETF,2026-05-12,FORMFACTOR INC,USD,5.43,https://easyetf-constituents.s3.us-west-2.amazonaws.com/EASYGE_PCF_ZAR_20260512.csv,data/raw/easyge/EASYGE_PCF_ZAR_20260512.csv,c5dd69dd3bf3c544d1d5fe706efbf32f0690749913f2c80e6c389e384096975b,2026-05-12T07:43:29Z
easyge,EASYGE,EasyETFs Global Equity Actively Managed ETF,2026-05-12,CIENA CORP,USD,5.41,https://easyetf-constituents.s3.us-west-2.amazonaws.com/EASYGE_PCF_ZAR_20260512.csv,data/raw/easyge/EASYGE_PCF_ZAR_20260512.csv,c5dd69dd3bf3c544d1d5fe706efbf32f0690749913f2c80e6c389e384096975b,2026-05-12T07:43:29Z
easyge,EASYGE,EasyETFs Global Equity Actively Managed ETF,2026-05-12,ARGAN INC,USD,4.46,https://easyetf-constituents.s3.us-west-2.amazonaws.com/EASYGE_PCF_ZAR_20260512.csv,data/raw/easyge/EASYGE_PCF_ZAR_20260512.csv,c5dd69dd3bf3c544d1d5fe706efbf32f0690749913f2c80e6c389e384096975b,2026-05-12T07:43:29Z
easyge,EASYGE,EasyETFs Global Equity Actively Managed ETF,2026-05-12,MICRON TECH,USD,4.37,https://easyetf-constituents.s3.us-west-2.amazonaws.com/EASYGE_PCF_ZAR_20260512.csv,data/raw/easyge/EASYGE_PCF_ZAR_20260512.csv,c5dd69dd3bf3c544d1d5fe706efbf32f0690749913f2c80e6c389e384096975b,2026-05-12T07:43:29Z
easyge,EASYGE,EasyETFs Global Equity Actively Managed ETF,2026-05-12,VERTIV HOLDINGS,USD,3.49,https://easyetf-constituents.s3.us-west-2.amazonaws.com/EASYGE_PCF_ZAR_20260512.csv,data/raw/easyge/EASYGE_PCF_ZAR_20260512.csv,c5dd69dd3bf3c544d1d5fe706efbf32f0690749913f2c80e6c389e384096975b,2026-05-12T07:43:29Z
easyge,EASYGE,EasyETFs Global Equity Actively Managed ETF,2026-05-12,ADV ENERGY INDS,USD,3.33,https://easyetf-constituents.s3.us-west-2.amazonaws.com/EASYGE_PCF_ZAR_20260512.csv,data/raw/easyge/EASYGE_PCF_ZAR_20260512.csv,c5dd69dd3bf3c544d1d5fe706efbf32f0690749913f2c80e6c389e384096975b,2026-05-12T07:43:29Z
easyge,EASYGE,EasyETFs Global Equity Actively Managed ETF,2026-05-12,QUANTA SERVICES,USD,2.99,https://easyetf-constituents.s3.us-west-2.amazonaws.com/EASYGE_PCF_ZAR_20260512.csv,data/raw/easyge/EASYGE_PCF_ZAR_20260512.csv,c5dd69dd3bf3c544d1d5fe706efbf32f0690749913f2c80e6c389e384096975b,2026-05-12T07:43:29Z
easyge,EASYGE,EasyETFs Global Equity Actively Managed ETF,2026-05-12,CREDO TECHNOLOGY GROUP HOLDI,USD,2.91,https://easyetf-constituents.s3.us-west-2.amazonaws.com/EASYGE_PCF_ZAR_20260512.csv,data/raw/easyge/EASYGE_PCF_ZAR_20260512.csv,c5dd69dd3bf3c544d1d5fe706efbf32f0690749913f2c80e6c389e384096975b,2026-05-12T07:43:29Z
easyge,EASYGE,EasyETFs Global Equity Actively Managed ETF,2026-05-12,GRAHAM CORP,USD,2.53,https://easyetf-constituents.s3.us-west-2.amazonaws.com/EASYGE_PCF_ZAR_20260512.csv,data/raw/easyge/EASYGE_PCF_ZAR_20260512.csv,c5dd69dd3bf3c544d1d5fe706efbf32f0690749913f2c80e6c389e384096975b,2026-05-12T07:43:29Z
easyge,EASYGE,EasyETFs Global Equity Actively Managed ETF,2026-05-12,NLIGHT INC,USD,2.22,https://easyetf-constituents.s3.us-west-2.amazonaws.com/EASYGE_PCF_ZAR_20260512.csv,data/raw/easyge/EASYGE_PCF_ZAR_20260512.csv,c5dd69dd3bf3c544d1d5fe706efbf32f0690749913f2c80e6c389e384096975b,2026-05-12T07:43:29Z
easyge,EASYGE,EasyETFs Global Equity Actively Managed ETF,2026-05-12,CAMECO CORP,USD,2.05,https://easyetf-constituents.s3.us-west-2.amazonaws.com/EASYGE_PCF_ZAR_20260512.csv,data/raw/easyge/EASYGE_PCF_ZAR_20260512.csv,c5dd69dd3bf3c544d1d5fe706efbf32f0690749913f2c80e6c389e384096975b,2026-05-12T07:43:29Z
easyge,EASYGE,EasyETFs Global Equity Actively Managed ETF,2026-05-12,GE VERNOVA LLC,USD,2.04,https://easyetf-constituents.s3.us-west-2.amazonaws.com/EASYGE_PCF_ZAR_20260512.csv,data/raw/easyge/EASYGE_PCF_ZAR_20260512.csv,c5dd69dd3bf3c544d1d5fe706efbf32f0690749913f2c80e6c389e384096975b,2026-05-12T07:43:29Z
easyge,EASYGE,EasyETFs Global Equity Actively Managed ETF,2026-05-12,META PLATFORMS-A,USD,1.86,https://easyetf-constituents.s3.us-west-2.amazonaws.com/EASYGE_PCF_ZAR_20260512.csv,data/raw/easyge/EASYGE_PCF_ZAR_20260512.csv,c5dd69dd3bf3c544d1d5fe706efbf32f0690749913f2c80e6c389e384096975b,2026-05-12T07:43:29Z
easyge,EASYGE,EasyETFs Global Equity Actively Managed ETF,2026-05-12,NEBIUS GROUP NV,USD,1.82,https://easyetf-constituents.s3.us-west-2.amazonaws.com/EASYGE_PCF_ZAR_20260512.csv,data/raw/easyge/EASYGE_PCF_ZAR_20260512.csv,c5dd69dd3bf3c544d1d5fe706efbf32f0690749913f2c80e6c389e384096975b,2026-05-12T07:43:29Z
easyge,EASYGE,EasyETFs Global Equity Actively Managed ETF,2026-05-12,ELBIT SYSTEMS,USD,1.8,https://easyetf-constituents.s3.us-west-2.amazonaws.com/EASYGE_PCF_ZAR_20260512.csv,data/raw/easyge/EASYGE_PCF_ZAR_20260512.csv,c5dd69dd3bf3c544d1d5fe706efbf32f0690749913f2c80e6c389e384096975b,2026-05-12T07:43:29Z
easyge,EASYGE,EasyETFs Global Equity Actively Managed ETF,2026-05-12,GENERAL ELECTRIC,USD,1.7,https://easyetf-constituents.s3.us-west-2.amazonaws.com/EASYGE_PCF_ZAR_20260512.csv,data/raw/easyge/EASYGE_PCF_ZAR_20260512.csv,c5dd69dd3bf3c544d1d5fe706efbf32f0690749913f2c80e6c389e384096975b,2026-05-12T07:43:29Z
easyge,EASYGE,EasyETFs Global Equity Actively Managed ETF,2026-05-12,ALLEGHENY TECH,USD,1.58,https://easyetf-constituents.s3.us-west-2.amazonaws.com/EASYGE_PCF_ZAR_20260512.csv,data/raw/easyge/EASYGE_PCF_ZAR_20260512.csv,c5dd69dd3bf3c544d1d5fe706efbf32f0690749913f2c80e6c389e384096975b,2026-05-12T07:43:29Z
easyge,EASYGE,EasyETFs Global Equity Actively Managed ETF,2026-05-12,CARPENTER TECH,USD,1.54,https://easyetf-constituents.s3.us-west-2.amazonaws.com/EASYGE_PCF_ZAR_20260512.csv,data/raw/easyge/EASYGE_PCF_ZAR_20260512.csv,c5dd69dd3bf3c544d1d5fe706efbf32f0690749913f2c80e6c389e384096975b,2026-05-12T07:43:29Z
easyge,EASYGE,EasyETFs Global Equity Actively Managed ETF,2026-05-12,Howmet Aerospace Inc,USD,1.49,https://easyetf-constituents.s3.us-west-2.amazonaws.com/EASYGE_PCF_ZAR_20260512.csv,data/raw/easyge/EASYGE_PCF_ZAR_20260512.csv,c5dd69dd3bf3c544d1d5fe706efbf32f0690749913f2c80e6c389e384096975b,2026-05-12T07:43:29Z
easyge,EASYGE,EasyETFs Global Equity Actively Managed ETF,2026-05-12,INTERACTIVE BROK,USD,1.16,https://easyetf-constituents.s3.us-west-2.amazonaws.com/EASYGE_PCF_ZAR_20260512.csv,data/raw/easyge/EASYGE_PCF_ZAR_20260512.csv,c5dd69dd3bf3c544d1d5fe706efbf32f0690749913f2c80e6c389e384096975b,2026-05-12T07:43:29Z
easyge,EASYGE,EasyETFs Global Equity Actively Managed ETF,2026-05-12,APPLOVIN CO-CL A,USD,1.16,https://easyetf-constituents.s3.us-west-2.amazonaws.com/EASYGE_PCF_ZAR_20260512.csv,data/raw/easyge/EASYGE_PCF_ZAR_20260512.csv,c5dd69dd3bf3c544d1d5fe706efbf32f0690749913f2c80e6c389e384096975b,2026-05-12T07:43:29Z
easyge,EASYGE,EasyETFs Global Equity Actively Managed ETF,2026-05-12,KARMAN HOLDINGS INC,USD,1.01,https://easyetf-constituents.s3.us-west-2.amazonaws.com/EASYGE_PCF_ZAR_20260512.csv,data/raw/easyge/EASYGE_PCF_ZAR_20260512.csv,c5dd69dd3bf3c544d1d5fe706efbf32f0690749913f2c80e6c389e384096975b,2026-05-12T07:43:29Z
easyge,EASYGE,EasyETFs Global Equity Actively Managed ETF,2026-05-12,ROBINHOOD MARK-A,USD,0.88,https://easyetf-constituents.s3.us-west-2.amazonaws.com/EASYGE_PCF_ZAR_20260512.csv,data/raw/easyge/EASYGE_PCF_ZAR_20260512.csv,c5dd69dd3bf3c544d1d5fe706efbf32f0690749913f2c80e6c389e384096975b,2026-05-12T07:43:29Z
easyge,EASYGE,EasyETFs Global Equity Actively Managed ETF,2026-05-12,BWX TECHNOLOGIES,USD,0.83,https://easyetf-constituents.s3.us-west-2.amazonaws.com/EASYGE_PCF_ZAR_20260512.csv,data/raw/easyge/EASYGE_PCF_ZAR_20260512.csv,c5dd69dd3bf3c544d1d5fe706efbf32f0690749913f2c80e6c389e384096975b,2026-05-12T07:43:29Z
easyge,EASYGE,EasyETFs Global Equity Actively Managed ETF,2026-05-12,KRATOS DEFENSE &,USD,0.56,https://easyetf-constituents.s3.us-west-2.amazonaws.com/EASYGE_PCF_ZAR_20260512.csv,data/raw/easyge/EASYGE_PCF_ZAR_20260512.csv,c5dd69dd3bf3c544d1d5fe706efbf32f0690749913f2c80e6c389e384096975b,2026-05-12T07:43:29Z
easyge,EASYGE,EasyETFs Global Equity Actively Managed ETF,2026-05-12,KRAKEN ROBOTICS INC,USD,0.5,https://easyetf-constituents.s3.us-west-2.amazonaws.com/EASYGE_PCF_ZAR_20260512.csv,data/raw/easyge/EASYGE_PCF_ZAR_20260512.csv,c5dd69dd3bf3c544d1d5fe706efbf32f0690749913f2c80e6c389e384096975b,2026-05-12T07:43:29Z
easyge,EASYGE,EasyETFs Global Equity Actively Managed ETF,2026-05-12,INAV - ZAR.CASH,ZAR,0.47,https://easyetf-constituents.s3.us-west-2.amazonaws.com/EASYGE_PCF_ZAR_20260512.csv,data/raw/easyge/EASYGE_PCF_ZAR_20260512.csv,c5dd69dd3bf3c544d1d5fe706efbf32f0690749913f2c80e6c389e384096975b,2026-05-12T07:43:29Z
